,ADANIENT.NS,ADANIPORTS.NS,APOLLOHOSP.NS,ASIANPAINT.NS,AXISBANK.NS,BAJAJ-AUTO.NS,BAJAJFINSV.NS,BAJFINANCE.NS,BHARTIARTL.NS,BPCL.NS,BRITANNIA.NS,CIPLA.NS,COALINDIA.NS,DIVISLAB.NS,DRREDDY.NS,EICHERMOT.NS,GRASIM.NS,HCLTECH.NS,HDFCBANK.NS,HEROMOTOCO.NS,HINDALCO.NS,HINDUNILVR.NS,ICICIBANK.NS,INDUSINDBK.NS,INFY.NS,ITC.NS,JSWSTEEL.NS,KOTAKBANK.NS,LT.NS,M&M.NS,MARUTI.NS,NESTLEIND.NS,NTPC.NS,ONGC.NS,POWERGRID.NS,RELIANCE.NS,SBIN.NS,SUNPHARMA.NS,TATACONSUM.NS,TATASTEEL.NS,TCS.NS,TECHM.NS,TITAN.NS,ULTRACEMCO.NS,UPL.NS,WIPRO.NS
2015-01-01,70.729736328125,300.50640869140625,1081.482421875,679.0402221679688,486.5876159667969,1819.749267578125,127.7946319580078,33.55187225341797,304.2445373535156,56.39250564575195,782.5892944335938,581.4344482421875,148.64669799804688,795.8857421875,593.4083251953125,1395.726318359375,490.9237365722656,287.86785888671875,213.70086669921875,2165.37646484375,145.91036987304688,626.7965087890625,291.5658569335937,763.39453125,359.9810485839844,156.9480438232422,93.9666748046875,124.74361419677734,840.1275024414062,553.622314453125,3001.886962890625,275.40155029296875,78.78276062011719,129.36074829101562,47.52445983886719,189.12535095214844,274.92498779296875,750.9712524414062,131.54058837890625,28.31410217285156,970.3305053710938,450.9113159179688,361.5374450683594,2497.059814453125,202.55740356445312,90.12550354003906
2015-02-02,94.51803588867188,315.88201904296875,1296.117431640625,732.4734497070312,597.0986328125,1743.423828125,149.9148406982422,39.883182525634766,301.2264404296875,64.53417205810547,811.9016723632812,643.5194091796875,138.88821411132812,770.5106201171875,580.2112426757812,1514.554931640625,549.4739379882812,338.78399658203125,242.78016662597656,1975.5732421875,133.7550048828125,750.38720703125,291.1933898925781,822.2003784179688,389.5995788574219,154.16944885253906,87.89264678955078,134.03546142578125,969.8961791992188,555.4795532226562,3297.245849609375,307.7323913574219,78.5615463256836,131.54153442382812,51.25084686279297,193.4173583984375,269.23388671875,848.6104125976562,142.80052185058594,26.871967315673828,960.2980346679688,503.13568115234375,412.3696594238281,2895.22900390625,233.5102386474609,102.86032104492188
2015-03-04,101.66317749023438,312.2144470214844,1361.963134765625,758.4874267578125,592.6976318359375,1574.8179931640625,146.03115844726562,41.34856414794922,294.4776306152344,66.41766357421875,919.7507934570312,672.71142578125,153.36434936523438,793.149658203125,626.669189453125,1467.5687255859375,560.2229614257812,366.3036804199219,239.1214141845703,1828.478515625,140.98374938964844,757.0811157226562,289.1243591308594,853.8361206054688,414.7238159179688,147.15882873535156,87.44744873046875,139.7740936279297,1027.35986328125,542.0087280273438,3305.2880859375,318.1983947753906,87.56232452392578,120.52488708496094,53.53868103027344,189.11471557617188,257.28253173828125,919.122314453125,138.21798706054688,24.372743606567383,1048.834228515625,500.4332885742188,391.6180114746094,3104.607177734375,246.2293701171875,108.5208511352539
2015-04-06,90.79389190673828,302.1050720214844,1355.4794921875,747.3385620117188,550.427734375,1511.2197265625,141.70045471191406,40.65734100341797,336.018798828125,69.14159393310547,947.18310546875,680.6686401367188,148.9064178466797,855.9834594726562,679.7903442382812,1447.8282470703125,533.5739135742188,335.37664794921875,231.635498046875,1863.656982421875,124.03990936279295,750.345947265625,265.8685913085937,860.1820678710938,397.1387023925781,145.76950073242188,79.41194152832031,138.52032470703125,982.640869140625,556.12841796875,3260.85400390625,310.4219055175781,84.56016540527344,120.82128143310548,51.514610290527344,175.6529083251953,240.47178649902344,1068.0013427734375,132.1951904296875,22.26905059814453,972.9408569335938,447.2356262207031,384.1930541992188,2712.815185546875,267.01287841796875,102.21034240722656
2015-05-06,97.96068572998048,311.4621276855469,1127.7335205078125,689.645263671875,525.5204467773438,1499.2718505859375,142.91722106933594,41.08444595336914,327.1320495605469,64.49539184570312,960.2581176757812,588.6976928710938,145.74871826171875,782.7991333007812,619.8209838867188,1383.4151611328125,501.8171691894531,322.0992736816406,217.86463928222656,1622.18408203125,126.84852600097656,709.2316284179688,258.3374328613281,754.8863525390625,350.43634033203125,136.08721923828125,82.03018951416016,133.92147827148438,874.616943359375,520.5494384765625,3265.885986328125,296.5340881347656,80.39054107666016,124.87720489501952,48.95540618896485,187.4958953857422,232.37289428710935,855.9630737304688,122.02635192871094,25.737873077392575,940.7611694335938,423.28717041015625,364.96435546875,2443.788818359375,283.97174072265625,87.59830474853516
2015-06-05,59.14162063598633,293.6753234863281,1148.5772705078125,687.7872314453125,530.4535522460938,1631.5147705078125,150.4958953857422,42.668701171875,348.4266662597656,73.76197052001953,1157.7322998046875,576.1141357421875,167.31591796875,817.156982421875,631.3177490234375,1595.4552001953125,491.85443115234375,335.77978515625,227.1013641357422,1817.5986328125,110.64139556884766,685.1828002929688,239.16644287109372,784.500732421875,366.7726440429688,132.785888671875,77.26971435546875,134.43190002441406,941.1083374023438,539.6591186523438,3378.116943359375,263.0324401855469,77.86097717285156,117.37470245361328,50.45263671875,195.78955078125,228.5681610107422,774.44482421875,120.8916473388672,21.77900695800781,992.9915161132812,384.7748718261719,346.25927734375,2631.876953125,326.2206115722656,91.45700073242188
2015-07-07,47.23632049560547,314.1939392089844,1251.93212890625,751.7019653320312,567.0164794921875,1932.21533203125,175.4121856689453,53.28495407104492,362.05023193359375,80.3692398071289,1191.0823974609375,598.181640625,177.03665161132812,870.6432495117188,691.2684326171875,1867.990966796875,515.574462890625,338.4183654785156,245.7922515869141,1807.7974853515625,98.67020416259766,771.9533081054688,263.1588134765625,845.1398315429688,362.959228515625,138.48045349121094,78.26041412353516,141.39370727539062,1012.5189208984376,589.7606201171875,3569.24169921875,266.2374267578125,74.74761199951172,116.13695526123048,48.25904083251953,216.3876495361328,241.95594787597656,808.650390625,120.62974548339844,20.875925064086918,1008.5657348632812,327.7015991210937,343.6890563964844,2965.05322265625,327.8512268066406,91.12789916992188
2015-08-06,50.23871612548828,327.11822509765625,1380.7808837890625,835.1129760742188,570.1621704101562,1951.3455810546875,191.485107421875,52.53066635131836,347.92364501953125,80.90798950195312,1349.052490234375,669.3342895507812,178.06854248046875,919.4771118164062,792.8599853515625,1887.2371826171875,541.3724365234375,341.9244689941406,247.85025024414065,1869.3916015625,100.09754180908205,758.0901489257812,261.85400390625,894.63818359375,402.3646240234375,142.3641357421875,80.56403350830078,140.20355224609375,1023.3629150390624,631.1979370117188,4000.5087890625,283.7938537597656,75.55374908447266,103.1884307861328,49.11210250854492,211.14645385742188,256.27471923828125,772.1614990234375,127.51813507080078,18.808300018310547,994.141357421875,375.5667724609375,314.0502014160156,3025.216796875,329.278076171875,95.22976684570312
2015-09-07,35.534061431884766,304.3826904296875,1216.0037841796875,718.3375244140625,438.6275634765625,1659.02392578125,174.04574584960938,48.476707458496094,292.62774658203125,73.441162109375,1244.9224853515625,602.6889038085938,139.28887939453125,964.5690307617188,733.3760375976562,1600.1568603515625,492.2831115722656,334.6025390625,222.6343994140625,1608.137451171875,66.7913818359375,684.6822509765625,209.7020721435547,774.358642578125,391.925537109375,136.7786407470703,79.5372085571289,119.14722442626952,852.4307250976562,501.8414001464844,3678.709228515625,262.5839538574219,63.55478286743164,86.28002166748047,43.03971862792969,179.7101287841797,196.029541015625,764.032470703125,106.84906768798828,15.55467700958252,981.1797485351562,378.4508361816406,318.5057678222656,2684.85986328125,314.19793701171875,91.98102569580078
2015-10-07,44.80036163330078,296.7413024902344,1427.5224609375,788.5758666992188,484.40631103515625,1855.5697021484373,176.30770874023438,49.25642395019531,288.87603759765625,76.39138793945312,1390.4298095703125,631.6843872070312,142.92123413085938,1046.139404296875,779.6568603515625,1734.30322265625,529.4581909179688,296.9399719238281,245.99575805664065,1791.5792236328125,76.4530258178711,687.772216796875,238.2404022216797,895.3462524414062,419.4852600097656,151.52777099609375,81.70243835449219,131.019287109375,872.3367309570312,581.7772827148438,3945.28369140625,277.2940673828125,72.10588836669922,98.37942504882812,46.64688491821289,197.094482421875,215.9339599609375,845.9616088867188,118.02631378173828,17.064382553100586,1025.2982177734375,398.3581848144531,330.7228698730469,2589.998291015625,268.628662109375,98.1036605834961
2015-11-06,41.73799133300781,268.91143798828125,1298.39208984375,732.3186645507812,453.5458679199219,1838.655029296875,196.6701812744141,50.96160888671875,285.9674987792969,79.27082824707031,1344.863525390625,610.6685180664062,141.24954223632812,1032.966552734375,674.6817626953125,1531.390869140625,535.9155883789062,323.6144104003906,244.4466857910156,1861.458251953125,75.51953887939453,672.883056640625,224.85516357421875,869.4776611328125,425.2483215332031,147.36050415039062,77.99254608154297,130.2258758544922,777.7476806640625,564.4755859375,4088.37890625,269.91717529296875,76.5084457397461,95.97480010986328,46.20700454711914,205.4199676513672,215.4463348388672,736.247314453125,111.63934326171876,15.87175178527832,970.1536254882812,375.2502136230469,335.4180908203125,2627.48193359375,268.41925048828125,94.95488739013672
2015-12-08,40.25961685180664,236.83644104003903,1299.7911376953125,786.7488403320312,447.3542785644531,1863.781005859375,189.92413330078125,53.26902389526367,267.96807861328125,80.67737579345703,1236.7158203125,596.2402954101562,131.26052856445312,1040.9346923828125,569.2329711914062,1495.95751953125,543.16455078125,313.6001892089844,237.2889709472656,1834.69775390625,70.94541931152344,695.3671875,220.09878540039065,891.4284057617188,390.1690368652344,137.345947265625,85.78286743164062,133.69723510742188,746.60400390625,593.7033081054688,4106.232421875,254.8832550048828,73.40406036376953,83.86239624023438,45.81988525390625,202.9395904541016,209.1957092285156,706.4637451171875,119.75613403320312,16.91665267944336,901.7210693359376,373.3157348632813,350.5097045898437,2691.209228515625,242.08892822265625,94.41343688964844
2016-01-07,42.21319580078125,231.1289825439453,1347.40087890625,797.3514404296875,399.0404052734375,1830.935302734375,191.59942626953125,58.74387741088867,271.7618713378906,78.22252655029297,1266.04052734375,591.4618530273438,134.7278289794922,1038.125244140625,555.9646606445312,1562.7923583984375,516.761474609375,301.5393371582031,238.86073303222656,1777.017822265625,71.55219268798828,690.7357788085938,207.7237243652344,873.7734375,392.55999755859375,135.09864807128906,91.64012908935548,137.19833374023438,681.2670288085938,540.939697265625,3857.962158203125,247.4134979248047,77.80663299560547,88.07979583740234,48.60004425048828,218.5445251464844,185.78921508789065,718.2854614257812,124.23592376708984,18.008399963378906,918.07861328125,359.3172607421875,329.6688537597656,2509.29296875,249.77859497070312,91.6061782836914
2016-02-08,39.86361312866211,200.0444793701172,1402.3426513671875,812.2044067382812,398.35784912109375,1782.34765625,182.5069274902344,64.072021484375,262.1930847167969,74.05054473876953,1226.7044677734375,525.9551391601562,133.4688720703125,984.4205322265624,570.5615234375,1686.5543212890625,498.2029724121094,312.80450439453125,234.2585601806641,1811.005615234375,65.15777587890625,698.0199584960938,175.56549072265625,833.6015014648438,429.9182739257813,137.56410217285156,93.3499984741211,133.51869201660156,638.2924194335938,542.8821411132812,3374.03369140625,237.49974060058597,70.46142578125,83.20162200927734,50.4066276550293,207.2856903076172,152.6299591064453,765.8016357421875,109.90953063964844,16.86981773376465,917.0773315429688,331.0741577148437,356.0672607421875,2654.007568359375,241.490478515625,91.63101196289062
2016-03-09,35.058860778808594,213.2046813964844,1344.9410400390625,800.8705444335938,406.4508666992188,1753.3990478515625,166.85723876953125,61.79829406738281,282.08935546875,72.05145263671875,1219.314208984375,491.1142272949219,133.11801147460938,930.0245971679688,598.3616333007812,1828.6541748046875,527.6132202148438,300.25177001953125,231.7595977783203,1986.0205078125,75.70622253417969,707.0724487304688,182.1318206787109,882.2232055664062,440.2664794921875,139.5931854248047,105.36360931396484,130.90028381347656,684.9093017578125,558.1510620117188,3232.8818359375,228.5841522216797,72.34801483154297,79.7810287475586,49.45121765136719,224.68081665039065,162.60435485839844,788.9410400390625,103.65559387207033,21.287242889404297,914.865234375,326.5017395019531,325.6444702148437,2813.960205078125,260.3406066894531,90.47930145263672
2016-04-08,41.748722076416016,207.7741241455078,1328.0040283203125,778.3397827148438,411.0823364257813,1848.95703125,174.16952514648438,68.81709289550781,282.08935546875,81.09223937988281,1154.434326171875,468.0569763183594,126.25838470458984,943.237060546875,564.763671875,1769.2562255859375,578.5528564453125,306.67535400390625,239.57305908203125,2085.4365234375,81.86727905273438,716.1251220703125,186.2568359375,884.6306762695312,435.5030822753906,140.16049194335938,113.69857025146484,131.9813690185547,673.2762451171875,556.660400390625,3101.130859375,262.1863708496094,75.20646667480469,80.42168426513672,49.858158111572266,226.04360961914065,162.33836364746094,743.8991088867188,104.40961456298828,23.21130752563477,943.8956298828124,320.6631774902344,323.8945617675781,2971.27880859375,275.2710876464844,92.39600372314452
2016-05-10,40.12144470214844,184.3669586181641,1260.52099609375,821.1162719726562,475.777099609375,1957.7532958984373,185.0084991455078,71.50667572021484,310.9643859863281,83.58902740478516,1212.052734375,498.30511474609375,128.65167236328125,996.9859619140624,543.4490356445312,1866.8450927734373,612.4375610351562,266.7716064453125,258.9203491210937,2115.5478515625,83.8742904663086,726.2725830078125,189.83465576171875,995.7522583007812,453.0803527832031,141.1641082763672,114.98432159423828,143.38729858398438,745.4463500976562,609.8079223632812,3475.501953125,242.21202087402344,80.40892028808594,81.1043701171875,50.19430923461914,214.3090057373047,168.01266479492188,735.1016845703125,104.85316467285156,23.64008140563965,979.1551513671876,339.5506591796875,358.6130065917969,2977.76904296875,352.22723388671875,90.56339263916016
2016-06-09,39.85468673706055,191.3322296142578,1345.34716796875,912.9302368164062,529.0636596679688,2005.96142578125,183.1721343994141,74.4649429321289,296.1264038085937,91.2596664428711,1186.4229736328125,444.535888671875,141.3407440185547,1036.35546875,570.6729736328125,1714.1710205078125,625.3594970703125,279.4829406738281,262.19952392578125,2207.74267578125,103.52429962158205,738.06201171875,214.29006958007807,1059.2911376953125,448.0382385253906,158.40869140625,126.47113037109376,149.3184051513672,842.2376708984375,620.4239501953125,3768.697265625,283.5579833984375,86.35453796386719,86.07831573486328,54.06902694702149,211.822509765625,188.5887908935547,680.620849609375,110.84095764160156,24.648956298828125,1010.6256103515624,375.95361328125,351.6693115234375,3179.01416015625,353.3044738769531,91.5973892211914
2016-07-11,44.65645217895508,206.06832885742188,1319.5745849609375,943.53173828125,535.7825927734375,2049.8359375,234.8088836669922,82.65091705322266,303.3767395019531,103.68900299072266,1228.530517578125,484.34088134765625,144.90809631347656,1070.60595703125,673.9012451171875,1802.9095458984373,663.0430908203125,266.0293273925781,273.5516357421875,2320.644287109375,120.46720123291016,791.289306640625,214.6621856689453,1066.001220703125,444.08880615234375,167.1880645751953,135.40640258789062,150.86558532714844,880.835693359375,664.943115234375,3861.713623046875,286.03375244140625,90.12773895263672,87.77530670166016,58.95221710205078,216.479248046875,201.8380584716797,723.0508422851562,118.07069396972656,23.564414978027344,966.2757568359376,357.6289978027344,388.316650390625,3258.46044921875,329.7982177734375,95.81148529052734
2016-08-10,42.6290397644043,244.9223480224609,1337.4990234375,1038.31689453125,558.9105834960938,2214.14013671875,268.2861022949219,96.53268432617188,292.0797119140625,106.7814712524414,1342.7855224609375,483.64501953125,152.60733032226562,1079.540771484375,560.5479125976562,2005.249755859375,703.624755859375,305.890625,279.7420654296875,2372.67822265625,136.10321044921875,787.500732421875,205.64097595214844,1097.9022216796875,409.0545654296875,165.4098358154297,153.4097137451172,151.10195922851562,837.578857421875,660.0634155273438,4394.63720703125,302.32977294921875,90.27063751220705,89.35527038574219,61.71227645874024,218.91123962402344,207.94618225097656,749.3060302734375,124.17959594726562,27.28598403930664,1051.8319091796875,358.27655029296875,389.5703430175781,3517.28515625,374.2660217285156,91.3986358642578
2016-09-09,39.187774658203125,257.95263671875,1310.999755859375,1076.72705078125,603.39501953125,2354.035400390625,302.0173034667969,111.3742218017578,272.6212463378906,107.69637298583984,1494.962158203125,538.6204223632812,150.01083374023438,1232.411376953125,596.7355346679688,2114.585693359375,687.9948120117188,291.832763671875,294.2205505371094,2590.040771484375,145.47642517089844,791.7578125,235.49691772460935,1154.3568115234375,391.3484802246094,173.3280029296875,163.68130493164062,162.5350799560547,867.599609375,670.6762084960938,4918.00048828125,287.4533386230469,91.78124237060548,100.81477355957033,65.57447814941406,227.8321685791016,237.22933959960935,731.733642578125,125.9375228881836,29.07655143737793,924.8642578125,330.2457275390625,408.8583984375,3729.277587890625,398.521240234375,80.95596313476562
2016-10-13,35.95991897583008,237.95703125,1304.60546875,1117.939697265625,510.5876770019531,2190.30078125,310.2983093261719,101.75791931152344,259.62921142578125,120.24009704589844,1438.885498046875,541.8790893554688,142.46966552734375,1160.14111328125,569.9849243164062,2380.063720703125,726.34375,300.3385009765625,287.9161376953125,2526.263671875,145.75827026367188,733.94775390625,207.1874542236328,1153.1243896484375,397.7166137695313,160.34352111816406,159.05931091308594,153.30517578125,822.267333984375,623.89794921875,5205.22607421875,288.99932861328125,83.66080474853516,107.85343170166016,62.43489456176758,230.5803985595703,224.24952697753903,678.7425537109375,133.28463745117188,30.491323471069336,915.6054077148438,304.23248291015625,374.3809509277344,3759.508544921875,403.8610229492188,80.55172729492188
2016-11-15,32.99882507324219,252.69309997558597,1152.5389404296875,820.5931396484375,471.7129821777344,1997.1451416015625,281.4591369628906,78.69235229492188,256.1590270996094,117.7697525024414,1267.4976806640625,514.3197021484375,141.63426208496094,1081.030029296875,618.6741943359375,1870.71435546875,598.8060913085938,290.3717041015625,286.09210205078125,2086.979736328125,157.59552001953125,691.5455932617188,231.7595367431641,1036.2808837890625,352.782470703125,159.37051391601562,152.0186004638672,156.71925354003906,783.3377685546875,564.0248413085938,4411.54638671875,263.1488952636719,86.78182220458984,110.7784423828125,65.98477172851562,214.9306640625,249.8947296142578,626.2105102539062,105.4737777709961,28.96234130859375,836.2260131835938,310.5376281738281,317.6741027832031,3173.191650390625,362.2289733886719,75.44829559326172
2016-12-15,38.894325256347656,269.37188720703125,1169.9788818359375,831.83154296875,470.5320434570313,2070.446044921875,269.80401611328125,82.4336166381836,269.5319519042969,112.6553192138672,1263.538330078125,524.3286743164062,131.0224151611328,1072.1881103515625,580.701904296875,1984.5513916015625,607.6495361328125,313.5035400390625,268.27325439453125,2287.31640625,165.4401092529297,700.6465454101562,223.64044189453125,1024.8572998046875,379.06298828125,154.1364288330078,146.34657287597656,143.85699462890625,775.6489868164062,540.4534301757812,4689.57763671875,273.51776123046875,92.59040832519533,124.4749984741211,65.41394805908203,229.664306640625,238.39703369140625,596.3887329101562,112.1898422241211,30.89659881591797,890.6262817382812,344.04498291015625,304.1242980957031,3079.19873046875,389.07861328125,78.50531005859375
2017-01-16,42.57568740844727,284.91357421875,1139.991455078125,861.5399780273438,469.6954650878906,2109.98388671875,299.8475341796875,88.60311126708984,269.65887451171875,122.25292205810548,1283.2474365234375,548.2103881835938,141.70199584960938,686.8705444335938,557.8663330078125,2060.925537109375,624.7156372070312,312.9006652832031,284.4731750488281,2231.242431640625,162.1519775390625,710.4771118164062,231.3729248046875,1154.214599609375,365.044189453125,166.9532012939453,169.9366912841797,145.13726806640625,824.7825927734375,551.5900268554688,5167.3134765625,260.52984619140625,98.63015747070312,119.59124755859376,71.14009094238281,234.7464141845703,229.72889709472656,590.4702758789062,115.0746078491211,33.78141403198242,890.3306884765625,351.0346374511719,349.933349609375,3150.6015625,423.9831848144531,81.64653778076172
2017-02-15,49.21813583374024,284.2501220703125,1193.2803955078125,904.3290405273438,480.4721374511719,2162.662841796875,361.1338195800781,100.44969177246094,309.1852111816406,123.46061706542967,1382.16015625,534.6634521484375,144.47911071777344,660.344970703125,544.0472412109375,2282.95849609375,735.6988525390625,315.1375732421875,301.4711608886719,2235.64453125,173.2846221923828,729.83837890625,241.21034240722656,1248.0211181640625,375.0330505371094,183.46063232421875,164.50697326660156,155.67715454101562,846.0481567382812,592.5152587890625,5336.4365234375,273.19012451171875,99.22118377685548,118.8854751586914,71.87149810791016,229.304443359375,241.5858612060547,571.7056274414062,125.08109283447266,33.90299606323242,954.205078125,357.15972900390625,397.7677307128906,3469.3681640625,427.8446960449219,80.30602264404297
2017-03-17,55.32704544067383,308.3680419921875,1178.3594970703125,994.3750610351562,508.9638671875,2257.9423828125,395.0490112304688,111.92938232421876,293.5693359375,120.82451629638672,1405.1790771484375,556.12451171875,138.84669494628906,710.8829956054688,511.32623291015625,2277.511962890625,761.1333618164062,328.592529296875,325.10406494140625,2454.49267578125,184.32339477539065,774.9139404296875,241.0814971923828,1311.63330078125,397.379150390625,188.72825622558597,172.3149871826172,168.3707275390625,887.5216064453125,593.8816528320312,5636.72314453125,275.5259704589844,93.88006591796876,115.8668441772461,69.55882263183594,283.7023620605469,246.25677490234372,649.1962280273438,130.53509521484375,37.005184173583984,998.5020141601562,348.94500732421875,447.0005187988281,3810.490478515625,432.2190856933594,85.3050537109375
2017-04-18,77.30847930908203,302.634765625,1129.139892578125,958.4486694335938,491.7409362792969,2189.641845703125,434.8913269042969,119.33952331542967,286.75592041015625,138.81631469726562,1457.5130615234375,536.1066284179688,134.04649353027344,588.3538818359375,491.1813659667969,2355.103759765625,778.2724609375,306.69268798828125,329.9948425292969,2366.578369140625,172.6739959716797,783.67138671875,243.4871368408203,1357.3280029296875,352.43865966796875,187.25196838378903,168.0968780517578,175.00038146972656,954.3767700195312,575.3436279296875,5586.25048828125,280.6493835449219,94.90721130371094,110.34793853759766,72.552734375,298.86138916015625,260.7635803222656,610.3362426757812,133.55503845214844,33.15139389038086,912.7349853515624,301.85455322265625,454.4263916015625,3746.7275390625,459.4005737304688,83.571044921875
2017-05-18,64.21033477783203,329.6904296875,1207.6202392578125,1060.6085205078125,484.2120361328125,2304.92333984375,429.8749694824219,126.91863250732422,313.7980041503906,137.03369140625,1538.4039306640625,521.4888916015625,132.70240783691406,569.9257202148438,500.6183776855469,2615.651123046875,826.1082153320312,322.0074157714844,355.0299987792969,2634.906005859375,182.2565460205078,850.2117309570312,264.57965087890625,1333.485107421875,367.374267578125,186.4803009033203,171.77650451660156,187.1480712890625,984.7313842773438,616.2003784179688,6217.8623046875,289.1359558105469,92.61815643310548,110.31744384765624,74.66815948486328,289.5151062011719,272.1265869140625,600.05908203125,132.96910095214844,35.829891204833984,1002.6326293945312,304.30450439453125,454.8603515625,4094.639892578125,493.5207824707031,88.88304901123047
2017-06-19,70.3992691040039,354.2347106933594,1224.865966796875,1070.3101806640625,511.9164123535156,2192.239013671875,422.255859375,135.15426635742188,311.0472106933594,128.0593719482422,1554.3270263671875,502.5418395996094,121.90188598632812,600.5927734375,496.6005859375,2623.75927734375,816.6068115234375,322.0018615722656,385.9933776855469,2806.1142578125,188.69189453125,940.706298828125,275.4480895996094,1432.7904052734375,360.6331787109375,211.8991241455078,180.8359222412109,196.02066040039065,1003.7102661132812,632.324462890625,6598.52294921875,300.1331481933594,94.46701049804688,101.26152801513672,76.15615844726562,307.37872314453125,261.8076171875,481.5979919433594,140.99232482910156,38.283634185791016,972.0689697265624,280.6331787109375,496.8600769042969,3864.961669921875,527.1883544921875,86.12554931640625
2017-07-19,74.42740631103516,361.105224609375,1211.2530517578125,1071.8865966796875,516.9957885742188,2233.425048828125,454.5015563964844,149.24842834472656,357.4406433105469,135.28147888183594,1646.90087890625,529.0769653320312,122.26187133789062,703.2511596679688,522.24462890625,2694.764892578125,990.7510986328124,342.2201232910156,388.4205017089844,2788.42529296875,200.52915954589844,1000.0064086914062,287.8955993652344,1498.391845703125,380.0250854492188,198.6426544189453,199.3506317138672,197.4641571044922,1025.320556640625,635.6624145507812,6882.744140625,309.0302124023437,98.48748779296876,99.40155792236328,78.39710998535156,337.0175476074219,265.8409729003906,540.5992431640625,160.32183837890625,42.08952331542969,979.2243041992188,285.8935546875,514.0746459960938,3976.822021484375,522.3988647460938,91.72513580322266
2017-08-18,60.19760894775391,367.19189453125,1035.0126953125,1057.18798828125,487.3792724609375,2223.656982421875,528.6834106445312,165.03619384765625,357.2285461425781,144.91256713867188,1850.056884765625,528.2021484375,116.81365203857422,591.1926879882812,373.1395263671875,2916.510986328125,1036.08935546875,335.6621398925781,402.1574401855469,2948.1962890625,216.12432861328125,1041.4586181640625,279.2278137207031,1542.6424560546875,358.07342529296875,192.099609375,215.14259338378903,195.3489227294922,993.3270874023438,629.9605102539062,6916.69580078125,297.0140380859375,101.77433013916016,98.12092590332033,79.9388656616211,346.35009765625,252.60787963867188,431.40570068359375,180.45559692382807,46.92322540283203,1007.7197265625,316.3367004394531,604.1968994140625,3795.749755859375,513.794677734375,97.4770050048828
2017-09-19,70.25289916992188,386.87310791015625,1030.0794677734375,1162.2579345703125,517.5423583984375,2464.187255859375,562.712646484375,185.0589141845703,334.9972229003906,145.9490966796875,1901.7320556640625,535.7706298828125,124.1099853515625,812.7847900390625,422.00341796875,2999.115234375,1157.2108154296875,342.3275451660156,424.54730224609375,2916.804443359375,232.63400268554688,1108.249755859375,280.65655517578125,1661.9771728515625,353.8072509765625,182.55764770507807,237.4691467285156,205.4386138916016,1077.05615234375,595.3587646484375,7475.796875,323.861083984375,100.4747085571289,101.17003631591795,78.62924194335938,368.7307434082031,242.7283172607422,476.4745788574219,200.69183349609372,50.729434967041016,1001.4863891601562,330.27801513671875,621.6880493164062,3956.35107421875,508.16998291015625,97.8660888671875
2017-10-19,67.3569564819336,381.6437683105469,1030.8101806640625,1092.891357421875,457.4646606445313,2545.259765625,528.3449096679688,178.679931640625,401.9881896972656,146.30902099609375,2013.915771484375,567.9130859375,137.19064331054688,828.4143676757812,446.7601623535156,2914.442626953125,1079.2955322265625,353.3023986816406,424.24896240234375,2762.505859375,258.49273681640625,1089.537841796875,245.604248046875,1609.0662841796875,359.5084228515625,183.7844390869141,229.5731658935547,214.0585784912109,1001.3660888671876,632.6046142578125,7107.50927734375,322.13787841796875,104.07160949707033,105.42335510253906,76.73500061035156,400.0812377929688,220.0235137939453,494.9035034179688,189.9239196777344,52.91191101074219,1035.8212890625,338.0970153808594,588.1592407226562,3814.660888671875,482.6307067871094,98.81346130371094
2017-11-20,86.01957702636719,378.9815673828125,1032.2713623046875,1084.0531005859375,541.7921142578125,2564.28271484375,515.1465454101562,174.74510192871094,418.0252685546875,145.24368286132812,2072.7490234375,564.5961303710938,133.6144561767578,986.3107299804688,428.19732666015625,2835.82763671875,1120.8126220703125,323.3553466796875,421.8963623046875,2705.564697265625,246.7430725097656,1111.2757568359375,303.4215087890625,1569.526123046875,377.7412414550781,176.662109375,241.37176513671875,206.6700592041016,1080.482666015625,647.4339599609375,7746.037109375,344.8401184082031,107.28202056884766,112.0832977294922,76.06108093261719,404.89593505859375,301.82421875,477.7216796875,255.1812744140625,52.66065216064453,1086.6961669921875,351.7064514160156,759.6793823242188,3953.608154296875,443.227294921875,99.59164428710938
2017-12-20,86.31452941894531,384.49609375,1143.3798828125,1055.3800048828125,551.0844116210938,2611.107421875,529.0022583007812,171.37164306640625,448.7842102050781,153.19041442871094,2065.003662109375,561.2322998046875,129.3422393798828,997.8446655273438,443.55029296875,2792.780517578125,1064.603759765625,333.9910888671875,428.7820129394531,2772.56298828125,243.81744384765625,1188.1365966796875,300.80206298828125,1580.5648193359375,399.48834228515625,179.45654296875,237.87754821777344,201.1385803222656,1082.854736328125,708.935546875,8948.7626953125,356.16729736328125,106.0929718017578,117.06477355957033,73.9300537109375,403.7087707519531,287.7752990722656,487.0516662597656,279.26983642578125,52.70940399169922,1040.671142578125,363.619384765625,836.233642578125,4097.14208984375,447.9703063964844,100.31909942626952
2018-01-19,107.09542846679688,412.1163330078125,1110.013427734375,1105.9415283203125,586.6142578125,2539.288330078125,495.1821899414063,164.74099731445312,422.4799499511719,137.426513671875,2038.480712890625,563.194580078125,136.32659912109375,1034.0938720703125,468.8435363769531,2592.386962890625,1159.7701416015625,367.9526672363281,448.0733337402344,2654.649169921875,243.4871368408203,1187.962158203125,336.806884765625,1602.5478515625,449.6676635742188,187.1241607666016,256.029296875,210.64236450195312,1204.93408203125,703.900390625,8571.8798828125,344.305908203125,102.70419311523438,120.61408996582033,71.43476104736328,409.4907836914063,280.2976989746094,528.4821166992188,286.23193359375,56.474365234375,1189.53955078125,407.84075927734375,863.8512573242188,4065.84521484375,487.8905944824219,111.2983627319336
2018-02-20,106.18374633789062,375.4637145996094,1168.31982421875,1046.921875,528.4248657226562,2412.30029296875,499.28948974609375,158.628173828125,357.06939697265625,130.4443359375,2060.08642578125,563.8486328125,148.9991912841797,954.6279296875,407.3376770019531,2491.220703125,1060.3382568359375,349.1197814941406,427.6458435058594,2611.54443359375,234.8046417236328,1161.2376708984375,302.18328857421875,1544.212646484375,447.1115417480469,179.42245483398438,277.3573608398437,207.71278381347656,1133.9005126953125,652.0321044921875,8019.0810546875,339.4644470214844,99.26034545898438,116.4420928955078,71.9355697631836,405.0058288574219,244.4051055908203,516.8428344726562,243.99562072753903,51.2701530456543,1186.497314453125,423.5526123046875,806.4840698242188,3915.125244140625,422.8263244628906,98.93238830566406
2018-03-22,85.51009368896484,340.6175537109375,995.9335327148438,1028.9837646484375,515.008056640625,2242.3232421875,509.7994384765625,164.1311492919922,354.9342956542969,123.25814056396484,2105.38623046875,505.2632751464844,136.96607971191406,1006.3184204101562,396.917236328125,2594.3349609375,1035.9306640625,358.0068359375,428.6902160644531,2592.6572265625,204.60467529296875,1143.84228515625,269.7979736328125,1668.305419921875,456.6873779296875,176.04867553710938,259.5687866210937,209.1527404785156,1138.864501953125,672.12646484375,7995.0869140625,351.4827575683594,103.34076690673828,112.77855682373048,71.08706665039062,399.3117370605469,218.9358673095703,469.6387939453125,240.28253173828125,45.72828674316406,1140.8062744140625,456.6356201171875,860.0719604492188,3711.406982421875,435.9303588867188,97.9140396118164
2018-04-23,88.24816131591797,367.3345031738281,1102.9989013671875,1095.5318603515625,503.08197021484375,2255.927734375,527.1402587890625,183.8538055419922,344.0454406738281,113.34575653076172,2312.021484375,560.76513671875,147.3376922607422,1109.5582275390625,402.0474243164063,2875.208740234375,1028.537353515625,418.5819396972656,444.2977600097656,2792.346435546875,241.22213745117188,1266.69775390625,266.1307983398437,1783.7381591796875,467.0691528320313,187.77163696289065,292.06024169921875,232.1823272705078,1194.8743896484375,758.0677490234375,8333.6787109375,399.2063598632813,104.9427261352539,114.13392639160156,76.28857421875,411.5574035644531,219.7515869140625,475.0426940917969,263.2572631835937,47.75137710571289,1373.411376953125,517.8229370117188,933.1376953125,3918.0556640625,458.3684387207031,100.93514251708984
2018-05-23,74.13475799560547,355.8300476074219,939.08837890625,1188.3826904296875,517.0453491210938,2194.865966796875,576.5333862304688,201.18551635742188,304.71746826171875,111.14632415771484,2487.23876953125,497.4612426757813,140.42330932617188,1029.433349609375,367.9339599609375,2720.35205078125,992.7549438476562,344.82928466796875,451.5850524902344,2615.6748046875,217.01495361328125,1367.274658203125,278.1800537109375,1763.991943359375,465.9681701660156,186.3744354248047,281.350830078125,249.33282470703125,1165.793212890625,764.9652709960938,7812.00048828125,434.1490478515625,100.6809310913086,110.57215118408205,77.94862365722656,401.114501953125,238.5589904785156,417.7696838378906,232.2530212402344,42.51258850097656,1408.2440185546875,514.4666748046875,891.6142578125,3499.274169921875,416.8063659667969,89.4278335571289
2018-06-22,82.31232452392578,347.7959899902344,995.1054077148438,1183.819580078125,522.4121704101562,2240.1484375,615.0133666992188,226.1256103515625,319.8764343261719,126.72076416015624,2593.308837890625,575.3413696289062,134.65281677246094,983.2035522460938,439.8320617675781,2697.083984375,957.7310180664062,348.8585205078125,481.22943115234375,2731.853759765625,209.51217651367188,1412.731689453125,286.3716125488281,1865.93359375,502.7521057128906,184.30381774902344,305.8102111816406,262.4513854980469,1142.027587890625,835.2265625,8159.05126953125,444.4947204589844,95.0892105102539,100.58032989501952,72.93158721923828,445.19427490234375,247.4867706298828,533.2393798828125,245.5701141357422,44.22867202758789,1470.54296875,509.8193359375,850.3815307617188,3442.77783203125,389.2908630371094,87.66268920898438
2018-07-24,117.48529815673828,373.2769165039063,915.1716918945312,1370.632568359375,542.7362060546875,2138.029541015625,680.052734375,263.0989685058594,304.71746826171875,117.98241424560548,2813.934326171875,586.1801147460938,135.56796264648438,1020.1590576171876,394.5389404296875,2563.542724609375,947.4466552734376,382.325439453125,498.8768615722656,2360.626953125,195.9221649169922,1465.266357421875,261.3206481933594,1867.6983642578125,554.8462524414062,198.55322265625,291.8465881347656,260.7671203613281,1163.2452392578125,853.3204956054688,9039.365234375,463.3848876953125,95.17989349365234,99.0988540649414,65.57201385498047,491.7479248046875,241.8672790527344,519.798828125,230.7665863037109,42.25669860839844,1627.5491943359375,473.1955871582031,838.62890625,3922.093017578125,383.2101135253906,92.65259552001952
2018-08-23,133.553955078125,367.41845703125,1117.953125,1302.462890625,627.8585815429688,2167.815673828125,706.3875122070312,280.6011047363281,317.9725952148437,106.331298828125,3014.345458984375,617.756103515625,146.95639038085938,1218.49462890625,467.8408508300781,2673.263916015625,991.048828125,396.26373291015625,480.4324035644531,2494.67431640625,208.6156005859375,1557.4222412109375,321.1857604980469,1877.0972900390625,563.0048828125,216.8689117431641,311.42529296875,247.9398651123047,1203.0574951171875,892.9085083007812,8554.71484375,520.7872314453125,99.35099029541016,108.3657684326172,70.16484069824219,561.9059448242188,274.1343688964844,590.8820190429688,220.6008453369141,45.8021240234375,1656.94091796875,548.1609497070312,887.536376953125,4121.62060546875,399.957275390625,98.35533142089844
2018-09-24,132.77821350097656,330.4854736328125,995.2597045898438,1187.7884521484375,593.67041015625,2227.347900390625,604.3501586914062,219.2176513671875,306.1958923339844,111.3445816040039,2447.245849609375,606.1605834960938,142.93992614746094,1292.0751953125,484.9984436035156,2402.461181640625,971.919921875,423.5596008300781,444.8140258789063,2362.1083984375,227.58448791503903,1397.22607421875,295.4009704589844,1605.679443359375,578.7581176757812,207.1028289794922,367.2268981933594,228.266845703125,1173.0711669921875,830.7451782226562,7228.140625,435.90478515625,102.9622039794922,114.74100494384766,73.95276641845703,545.3512573242188,239.60130310058597,578.1634521484375,218.58645629882807,48.6905403137207,1789.937744140625,566.8692626953125,769.9638061523438,3768.59619140625,400.8495178222656,112.93466186523438
2018-10-24,165.40513610839844,300.1937255859375,1102.3211669921875,1108.36572265625,560.6253051757812,1997.9779052734373,536.9993896484375,224.162841796875,271.51025390625,85.3268051147461,2341.5927734375,583.3450927734375,140.95712280273438,1177.5035400390625,462.27679443359375,2102.478759765625,771.2817993164062,378.8970947265625,460.1863098144531,2051.826416015625,218.05039978027344,1393.2728271484375,308.078125,1459.08544921875,523.601806640625,200.01287841796875,322.7507019042969,233.91043090820312,1084.580322265625,682.5914916992188,6277.6728515625,430.1168212890625,99.988037109375,100.2236557006836,71.2581558227539,462.8879699707031,231.7611389160156,528.7785034179688,205.9378967285156,44.071475982666016,1508.184814453125,503.4648132324219,770.4505004882812,3207.93798828125,383.2500915527344,104.82183074951172
2018-11-26,155.33570861816406,352.6548156738281,1223.42578125,1263.2318115234375,627.1629028320312,2138.7158203125,571.5064086914062,232.1915283203125,289.9852600097656,99.20699310302734,2624.62939453125,490.205078125,127.48423767089844,1428.9921875,485.8815002441406,2216.185791015625,805.9370727539062,387.3329162597656,473.4797058105469,2336.134765625,207.5676727294922,1540.8651123046875,340.9429626464844,1498.7908935546875,506.2109069824219,198.55322265625,291.2505187988281,232.60882568359372,1265.2991943359375,693.3924560546875,7007.068359375,471.577880859375,88.73516845703125,93.1396942138672,68.28282165527344,491.2166748046875,259.5869445800781,473.2322387695313,203.9234161376953,42.52109909057617,1506.226806640625,523.9081420898438,891.9161987304688,3754.327392578125,475.7395935058594,108.0975112915039
2018-12-26,159.18577575683594,359.8215637207031,1237.1263427734375,1275.868408203125,615.6840209960938,2207.409423828125,641.3424682617188,248.94699096679688,277.7635498046875,111.0263671875,2698.828857421875,482.8816223144531,125.60311126708984,1381.313232421875,497.9782104492188,2144.91455078125,781.053955078125,364.994873046875,490.2378845214844,2411.473876953125,207.3779296875,1582.9210205078125,340.4645690917969,1492.748779296875,524.6199951171875,192.29737854003903,271.7176513671875,248.029296875,1265.877685546875,730.2918090820312,7020.42431640625,488.1648559570313,89.25639343261719,93.1396942138672,73.09197235107422,486.170654296875,266.61138916015625,383.2648620605469,204.7666931152344,41.13898468017578,1541.39208984375,523.19140625,865.3942260742188,3788.696044921875,461.6476440429688,110.71126556396484
2019-01-25,135.59173583984375,357.24151611328125,1264.6746826171875,1284.43359375,665.62451171875,2120.02880859375,629.63916015625,252.0644378662109,266.53857421875,108.32910919189452,2801.663330078125,476.6378479003906,115.6857681274414,1418.8394775390625,507.4922180175781,1863.2110595703125,724.18505859375,375.2928466796875,484.15142822265625,2027.9024658203125,193.95433044433597,1552.17431640625,341.7561950683594,1424.1273193359375,598.1871337890625,194.06988525390625,251.8638458251953,251.606201171875,1143.7967529296875,633.6858520507812,6041.25146484375,515.1588745117188,84.81046295166016,90.21714782714844,69.5552749633789,551.5260620117188,258.6805725097656,391.3720703125,193.9919586181641,36.28755569458008,1570.5330810546875,549.9714965820312,951.8704223632812,3328.58349609375,463.4322814941406,119.97821807861328
2019-02-26,130.40892028808594,309.1283569335937,1132.609619140625,1312.37548828125,705.7756958007812,2308.069580078125,642.6969604492188,257.7077331542969,273.4295654296875,105.4252700805664,2685.330078125,516.7762451171875,115.26690673828124,1538.4873046875,502.8206481933594,1916.1849365234373,744.5872802734375,410.7085876464844,487.5352783203125,2081.20654296875,186.41246032714844,1565.8245849609375,333.14532470703125,1417.6053466796875,608.1385498046875,191.4980316162109,260.8966064453125,245.64468383789065,1126.3564453125,603.832763671875,6403.81396484375,489.7218627929688,88.48487091064453,93.71148681640624,67.81498718261719,540.128173828125,241.4140472412109,403.7415161132813,179.5631866455078,40.34977340698242,1666.9337158203125,628.6142578125,1010.60791015625,3591.91796875,526.1688842773438,131.95895385742188
2019-03-28,136.0359649658203,364.3605651855469,1157.662353515625,1401.302490234375,775.89111328125,2380.315185546875,692.4879760742188,290.4914855957031,285.9980163574219,120.8327407836914,2705.468994140625,493.4913024902344,126.74662017822266,1569.89404296875,515.9998779296875,1942.1119384765625,791.44580078125,420.0372314453125,531.9197998046875,1954.81884765625,191.96212768554688,1487.7655029296875,383.2319030761719,1746.5675048828125,604.2890625,208.5277862548828,264.3354797363281,266.4305419921875,1233.8892822265625,608.1438598632812,6118.0947265625,501.9011840820313,102.55558013916016,103.34241485595705,76.4856948852539,601.9867553710938,289.1349182128906,440.52532958984375,186.40280151367188,40.566104888916016,1635.5362548828125,582.1452026367188,1103.9456787109375,3706.06884765625,571.705810546875,115.62503814697266
2019-04-30,125.42356872558594,375.3496398925781,1190.4949951171875,1369.6162109375,762.1263427734375,2408.809814453125,749.0520629882812,300.1976623535156,302.374267578125,118.95378112792967,2530.291259765625,530.484375,135.36280822753906,1657.4713134765625,557.1229858398438,1892.794921875,859.1832885742188,458.99993896484375,535.3037719726562,1944.0614013671875,195.47218322753903,1552.969482421875,389.8814392089844,1540.75048828125,615.3870239257812,209.4661865234375,282.7679443359375,275.53179931640625,1199.943115234375,598.2699584960938,6183.1591796875,495.4241943359375,101.27127075195312,112.15867614746094,71.91392517089844,616.5051879882812,280.93218994140625,424.0328674316406,196.00634765625,44.64435195922852,1848.1650390625,630.7265014648438,1127.5965576171875,4377.1806640625,596.382080078125,135.50479125976562
2019-05-30,156.07611083984375,391.11663818359375,1177.2835693359375,1286.727294921875,802.57568359375,2377.24755859375,819.4159545898438,337.59698486328125,327.2967529296875,127.6596450805664,2522.515625,527.6207275390625,135.79226684570312,1504.3294677734375,503.6941528320313,1848.4866943359373,868.9552612304688,418.9992065429688,563.5073852539062,2101.4453125,188.35723876953125,1576.427001953125,407.7729797363281,1521.95263671875,600.8082275390625,204.63311767578125,253.6520538330078,305.1010131835937,1386.8463134765625,613.4747314453125,6369.86865234375,515.4171142578125,102.06454467773438,112.32437896728516,73.7657699584961,588.5969848632812,320.4503479003906,382.4310607910156,224.31773376464844,39.095848083496094,1754.9124755859375,554.4599609375,1207.4544677734375,4511.90478515625,623.6375732421875,130.7164306640625
2019-07-01,152.1273193359375,394.8911437988281,1341.39892578125,1274.1414794921875,805.4578857421875,2350.569091796875,848.7137451171875,358.6721496582031,328.9960327148437,117.8107681274414,2391.8095703125,521.846435546875,133.8059844970703,1527.8131103515625,504.159423828125,1823.7491455078125,877.106689453125,407.6906127929688,577.701416015625,2025.0556640625,198.17588806152344,1584.2161865234375,420.0195007324219,1374.9268798828125,607.426513671875,194.92074584960935,252.87257385253903,294.3404235839844,1385.1112060546875,611.898681640625,6036.103515625,540.3787841796875,107.6927719116211,106.7230987548828,79.88079071044922,561.640380859375,327.7013244628906,375.5746154785156,257.181640625,40.6181869506836,1845.9766845703125,531.5650024414062,1287.8475341796875,4291.7099609375,587.8939819335938,127.99317169189452
2019-07-31,127.52625274658205,360.9669799804688,1322.70703125,1431.544677734375,670.7797241210938,2076.827880859375,707.1910400390625,315.8865661621094,318.7060546875,108.19673919677734,2275.999755859375,492.1052551269531,109.75579833984376,1550.158203125,492.66839599609375,1530.387451171875,751.5946655273438,402.0364074707031,523.3372802734375,1846.733154296875,180.7678985595703,1536.5618896484375,407.234619140625,1355.026123046875,659.2151489257812,191.5532989501953,221.1505126953125,302.1240234375,1250.3912353515625,517.02734375,5073.2080078125,531.5983276367188,95.60521697998048,92.04037475585938,81.32754516601562,516.2257080078125,301.09912109375,395.4026184082031,238.28729248046875,35.52193069458008,1822.3216552734373,490.3607177734375,1032.7943115234375,4131.85009765625,553.5919189453125,120.4134292602539
2019-08-30,135.99169921875,349.6374816894531,1475.9105224609375,1521.0455322265625,660.6300048828125,2301.1396484375,709.3531494140625,323.7010498046875,327.3912048339844,113.91275024414062,2374.11376953125,446.1622924804688,99.18016815185548,1558.59423828125,489.3962097167969,1521.9996337890625,684.2942504882812,428.40576171875,518.9813232421875,2015.9962158203125,176.18057250976562,1674.720458984375,392.8960876464844,1345.701904296875,676.8656616210938,174.14906311035156,202.52340698242188,284.6075744628906,1197.168701171875,497.0982666015625,5759.07080078125,596.4275512695312,93.79596710205078,80.84086608886719,78.2806167602539,555.97216796875,248.2119140625,420.02685546875,263.7639465332031,28.356704711914062,1866.8531494140625,534.5991821289062,1080.4573974609375,3851.77783203125,523.7849731445312,115.46617889404295
2019-10-01,142.22940063476562,386.3030090332031,1345.3712158203125,1662.1201171875,675.804931640625,2401.576904296875,842.743896484375,387.8001403808594,331.3089294433594,158.3715362548828,2565.596435546875,389.6895751953125,104.19956970214844,1555.861572265625,514.6266479492188,1668.822021484375,667.1616821289062,412.5209045410156,581.7939453125,2107.153564453125,181.24295043945312,1771.1864013671875,407.234619140625,1251.505126953125,659.132080078125,181.4156036376953,207.36643981933597,327.7028503417969,1319.56689453125,523.32568359375,6378.12060546875,633.7808227539062,90.2492218017578,85.50989532470703,76.71888732910156,581.064453125,231.98773193359372,360.4825744628906,256.32928466796875,28.9034423828125,1701.9049072265625,543.3081665039062,1252.0438232421875,4004.195068359375,553.3128662109375,105.98016357421876
2019-10-31,197.6756134033203,378.4153747558594,1458.9063720703125,1706.2093505859375,732.7230834960938,2679.986572265625,810.4622802734375,391.2144470214844,353.30487060546875,168.85694885253906,2870.572021484375,440.8738098144531,111.41998291015624,1682.915771484375,532.5855102539062,2109.85546875,739.9271850585938,453.49127197265625,573.1984252929688,2119.576904296875,179.4759063720703,1945.926025390625,444.1121215820313,1266.11181640625,576.6356201171875,182.6562347412109,212.3491973876953,313.0494689941406,1327.678955078125,570.0932006835938,7109.22509765625,692.4010620117188,94.3742446899414,94.51445770263672,77.44117736816406,652.0665893554688,283.1528015136719,404.1731872558594,300.2268371582031,31.287742614746094,1917.3179931640625,569.5505981445312,1301.5155029296875,3938.228271484375,554.7079467773438,117.6901626586914
2019-12-02,206.93313598632807,361.1581726074219,1391.5516357421875,1638.9361572265625,740.6339721679688,2607.27880859375,891.559814453125,383.725341796875,432.9342651367188,160.34356689453125,2703.9580078125,438.1824340820313,110.5073699951172,1711.6827392578125,549.520751953125,2032.6248779296875,776.983642578125,438.8851623535156,589.6906127929688,1886.58935546875,191.79757690429688,1827.7132568359373,490.005126953125,1519.488525390625,582.6071166992188,173.65280151367188,249.6965789794922,324.6806640625,1201.765380859375,502.1275634765625,6714.18994140625,674.3649291992188,88.89991760253906,85.44320678710938,74.72772979736328,706.4593505859375,306.809326171875,410.32818603515625,300.03741455078125,34.60109329223633,1707.3096923828125,576.8338012695312,1128.0712890625,4064.696044921875,530.3416137695312,108.29492950439452
2020-01-01,205.7945098876953,361.0626220703125,1401.475341796875,1690.74658203125,745.0123291015625,2599.7275390625,934.4176025390624,411.005615234375,427.9308471679688,157.6500701904297,2671.135986328125,449.4203186035156,113.78205108642578,1744.09326171875,550.994140625,2066.578125,714.6613159179688,446.1394653320313,595.67724609375,1906.655029296875,204.69232177734372,1732.3111572265625,514.7978515625,1431.0767822265625,619.7403564453125,168.796630859375,249.6965789794922,332.8424072265625,1180.674560546875,504.4306640625,6876.2763671875,687.277099609375,93.71887969970705,85.00962829589844,76.32847595214844,672.216064453125,303.1384582519531,405.0124816894531,306.71441650390625,38.45708084106445,1831.1097412109373,587.3538208007812,1129.0,3863.897216796875,547.0817260742188,112.42520141601562
2020-01-31,227.18089294433597,353.1749572753906,1631.24755859375,1693.0567626953125,725.7078247070312,2624.444580078125,940.689697265625,424.0799255371094,468.6659240722656,146.5233612060547,2812.660888671875,422.0338745117188,97.54280853271484,1872.05859375,595.9822998046875,1899.339111328125,749.6965942382812,462.8566589355469,571.3116455078125,1960.97265625,180.8609161376953,1819.707275390625,504.1519775390625,1213.710693359375,652.6260375976562,166.70529174804688,233.4909820556641,336.36163330078125,1234.16748046875,533.1492309570312,6501.78955078125,714.2676391601562,87.01087951660156,72.67005920410156,72.95126342773438,628.599609375,288.6363830566406,405.0124816894531,363.1134338378906,36.06867599487305,1760.294189453125,613.943115234375,1161.2642822265625,4197.626953125,489.6998596191406,107.91184997558594
2020-03-03,223.5175018310547,332.0456237792969,1698.6763916015625,1704.497314453125,683.7655029296875,2321.648193359375,893.5903930664062,433.6416015625,491.6531677246094,136.27841186523438,2659.580322265625,401.6357421875,95.66388702392578,2108.991455078125,582.4340209960938,1674.5885009765625,673.8030395507812,442.23382568359375,550.579833984375,1656.2965087890625,152.1581573486328,1938.143310546875,493.6976623535156,1068.318115234375,628.277099609375,137.42640686035156,229.53271484375,323.3485412597656,1064.7208251953125,438.2982177734375,6005.7509765625,760.7686767578125,83.96530151367188,62.26480484008789,74.84485626220703,597.9633178710938,262.7139587402344,369.6601257324219,336.5002746582031,31.86326789855957,1724.013916015625,587.6959228515625,1219.193115234375,4087.1767578125,485.0498046875,101.94207000732422
2020-04-03,128.6797637939453,236.6343688964844,1170.92236328125,1439.7655029296875,323.8470458984375,1753.7940673828125,449.6787414550781,214.9174652099609,400.2234497070313,107.26397705078124,2252.49267578125,428.6478576660156,80.6185302734375,1836.5159912109373,602.1630859375,1196.38916015625,437.65185546875,317.5976257324219,379.1583862304688,1275.1995849609375,84.81885528564453,1926.9173583984373,274.9265441894531,301.9693908691406,492.6130676269531,126.11895751953124,131.04180908203125,226.82913208007807,707.9800415039062,263.8719482421875,3772.60888671875,702.41845703125,61.72276306152344,50.04904174804688,63.22915267944336,479.78228759765625,159.06951904296875,353.1285095214844,253.01451110839844,20.862606048583984,1410.814453125,406.9264526367188,843.5604248046875,2891.12646484375,277.2377014160156,82.02759552001953
2020-05-05,132.31927490234375,254.3239288330078,1326.49755859375,1532.774169921875,387.0840148925781,2089.28955078125,461.4870910644531,194.94451904296875,498.4974060058594,117.37651824951172,2646.62158203125,569.5901489257812,80.76482391357422,2206.70751953125,733.6446533203125,1303.0919189453125,453.7738342285156,407.2887878417969,424.6285095214844,1584.1556396484375,110.70387268066406,1826.1925048828125,317.31884765625,403.6864929199219,566.626953125,123.283203125,152.64926147460938,246.21453857421875,764.87255859375,346.07928466796875,4542.224609375,810.16015625,71.8482437133789,56.21111297607422,66.24488067626953,650.4190063476562,154.4469757080078,428.6009521484375,312.0653686523437,22.4165096282959,1648.3809814453125,390.5603332519531,867.1719970703125,3121.866943359375,359.9626159667969,83.94156646728516
2020-06-04,147.57537841796875,327.885498046875,1342.8865966796875,1546.595458984375,392.40765380859375,2429.441650390625,512.0899047851562,225.19358825683597,540.41259765625,120.82627868652344,3065.638671875,630.3279418945312,82.08164978027344,2338.96044921875,765.2186279296875,1629.7388916015625,582.4129638671875,453.11273193359375,466.6743774414063,1877.4744873046875,136.25457763671875,1896.949951171875,333.6235656738281,400.1672973632813,603.3681030273438,141.89266967773438,178.82034301757812,265.3116455078125,850.599609375,449.766845703125,5351.33935546875,799.7014770507812,73.82678985595703,60.83267211914063,68.5117416381836,710.1441040039062,157.75527954101562,464.8109130859375,361.3139343261719,26.30538558959961,1789.0596923828125,454.7358093261719,949.592041015625,3615.714111328125,392.5131530761719,98.54703521728516
2020-07-06,163.72891235351562,347.46002197265625,1387.9693603515625,1617.6890869140625,431.8623352050781,2498.299560546875,626.5545654296875,302.6661071777344,544.330322265625,131.9703826904297,3220.326904296875,605.565185546875,79.50653839111328,2087.73828125,744.762451171875,1816.3671875,617.111328125,452.9170837402344,513.8682861328125,2233.50341796875,147.4300537109375,1946.8228759765625,347.0509948730469,478.11822509765625,651.3222045898438,149.2231903076172,182.3602752685547,271.9722595214844,869.3353271484375,536.3453369140625,5758.9296875,784.244384765625,73.86557006835938,60.008697509765625,72.0537109375,835.799560546875,170.444580078125,451.0501403808594,387.0260620117188,27.863399505615234,1935.88525390625,454.3061218261719,991.5842895507812,3736.430908203125,424.645263671875,101.46356964111328
2020-08-05,179.08474731445312,316.1890869140625,1650.000732421875,1626.18017578125,432.8077087402344,2594.796142578125,622.2728881835938,317.595947265625,527.6681518554688,138.8191680908203,3420.68359375,689.109619140625,75.17566680908203,2577.189208984375,886.0973510742188,2071.85400390625,609.7000122070312,540.4356689453125,478.7174682617188,2192.60693359375,167.87062072753906,1984.9498291015625,337.7956848144531,475.0811767578125,805.3717651367188,143.99514770507812,221.3265686035156,265.2718811035156,853.4629516601562,579.902587890625,6137.60107421875,770.3047485351562,66.64971160888672,55.13633728027344,71.223876953125,959.7613525390624,173.52627563476562,496.7469787597656,426.99749755859375,32.54155349731445,1937.0556640625,510.7793273925781,1084.95947265625,3853.242431640625,421.8551635742188,126.7781982421875
2020-09-04,284.3319091796875,341.22515869140625,1624.0635986328125,1853.625732421875,452.95794677734375,2486.31298828125,625.7769775390625,350.1767578125,495.6451110839844,136.41786193847656,3364.307861328125,691.447509765625,77.51667022705078,3113.734619140625,832.4706420898438,2057.677490234375,684.072509765625,550.1705932617188,521.462158203125,2371.09765625,180.7793884277344,1921.7259521484373,357.3133850097656,594.0563354492188,783.590087890625,139.43930053710938,265.7518615722656,274.38800048828125,868.905029296875,596.66015625,6822.74169921875,757.6674194335938,75.74043273925781,55.81703567504883,72.48279571533203,937.55517578125,187.25791931152344,482.2593383789063,542.8572387695312,35.535919189453125,1962.1744384765625,589.2608642578125,1137.7620849609375,3734.099365234375,478.3713989257813,125.77565002441406
2020-10-06,326.2113952636719,350.794921875,2095.923828125,1980.2579345703125,447.435302734375,2563.10498046875,597.6842041015625,338.2503662109375,404.3134460449219,119.06756591796876,3418.778076171875,744.6467895507812,68.35749816894531,3055.240478515625,989.2390747070312,2073.4814453125,733.6470947265625,652.7420654296875,533.01611328125,2550.971923828125,169.83468627929688,1913.8115234375,365.0341796875,600.4678955078125,900.0437622070312,126.89199829101562,274.2228088378906,266.0770874023437,822.9014282226562,592.3173217773438,6540.251953125,741.0625,67.30261993408203,49.690765380859375,67.5760726928711,997.629150390625,173.66221618652344,490.3526611328125,482.3278198242188,31.83303642272949,2326.953125,667.3880004882812,1177.7078857421875,3943.87451171875,479.40631103515625,150.40667724609375
2020-11-05,351.7379455566406,356.3531188964844,2092.76904296875,2124.008544921875,536.6436767578125,2543.314453125,603.6406860351562,363.8165588378906,433.2572326660156,123.88711547851562,3176.748779296875,757.1951293945312,70.14249420166016,3100.0654296875,954.9580078125,2000.075439453125,778.8646240234375,666.6279907226562,591.2979125976562,2394.8076171875,179.86734008789062,1913.865478515625,420.566162109375,688.783447265625,951.288330078125,130.51429748535156,308.4359436035156,333.12078857421875,900.3872680664062,568.4320068359375,6730.4130859375,810.204833984375,69.42208099365234,48.43685531616211,74.13907623291016,882.3783569335938,198.1797790527344,482.3063659667969,483.138671875,35.89018249511719,2312.251220703125,687.7643432617188,1219.0765380859375,4403.28271484375,393.64849853515625,157.40184020996094
2020-12-07,456.23724365234375,455.77239990234375,2398.510986328125,2346.29736328125,616.1998901367188,2862.597412109375,902.3931274414062,470.1849365234375,482.1917114257813,133.59378051757812,3294.494873046875,737.7763061523438,85.03534698486328,3591.35205078125,968.5548706054688,2416.498046875,907.9330444335938,676.4347534179688,639.3070678710938,2581.63525390625,241.2151641845703,2053.876708984375,489.5735473632813,901.617919921875,985.3243408203124,151.7251739501953,343.54327392578125,361.9702453613281,1099.2412109375,710.2332763671875,7347.7724609375,826.2594604492188,79.7794189453125,65.5975570678711,80.12237548828125,883.8226318359375,244.3597869873047,547.994140625,541.7125244140625,51.836219787597656,2357.020263671875,772.51806640625,1398.880859375,4821.49853515625,447.79400634765625,163.34884643554688
2021-01-06,489.4916076660156,480.2284851074219,2466.984619140625,2662.104248046875,651.027587890625,2986.0419921875,875.9153442382812,489.7392272949219,497.68212890625,130.9895477294922,3213.470458984375,787.0630493164062,83.9786376953125,3748.142333984375,1018.4743041992188,2495.94287109375,953.3441772460938,773.6332397460938,661.8092041015625,2508.026611328125,248.70364379882807,2200.578857421875,524.3410034179688,889.2767333984375,1104.7525634765625,153.40562438964844,378.0858154296875,391.76409912109375,1234.8492431640625,694.9390869140625,7238.83740234375,871.080810546875,78.25980377197266,69.46676635742188,83.34359741210938,863.9861450195312,258.36334228515625,569.6392211914062,577.1048583984375,57.67733383178711,2627.185546875,815.7537841796875,1543.4503173828125,5195.13818359375,444.4539794921875,185.20005798339844
2021-02-05,593.6419067382812,548.03857421875,2700.11181640625,2255.388916015625,716.0556030273438,3648.797607421875,969.21044921875,539.2213745117188,550.5484008789062,140.3580322265625,3215.240966796875,808.9153442382812,87.55287170410156,3692.69091796875,924.6058349609376,2766.54443359375,1148.44775390625,751.2930908203125,744.2936401367188,2789.1630859375,251.58387756347656,2066.075439453125,589.0324096679688,988.3423461914062,1096.1356201171875,175.02728271484375,378.5564575195313,394.2096557617188,1425.1512451171875,817.1033325195312,7111.25732421875,805.2389526367188,79.57945251464844,69.96833038330078,87.9962158203125,868.2738647460938,356.297607421875,597.35400390625,565.227783203125,57.78276824951172,2724.008544921875,784.8711547851562,1481.4708251953125,6056.8857421875,504.7620239257813,194.3628692626953
2021-03-09,902.60302734375,725.7076416015625,2845.538330078125,2298.992431640625,741.7783203125,3275.8330078125,993.8291625976562,527.1976318359375,494.3186950683594,156.81185913085938,3110.930419921875,760.5350341796875,94.29724884033205,3384.278564453125,856.6984252929688,2446.2666015625,1322.9755859375,772.7327270507812,727.941162109375,2862.132080078125,319.9401550292969,2001.3955078125,599.5345458984375,988.0532836914062,1159.425537109375,159.0218048095703,377.99169921875,393.4640808105469,1417.445068359375,804.3582763671875,6928.49755859375,795.5967407226562,90.29016876220705,85.0891342163086,93.47542572021484,988.9181518554688,351.3125305175781,581.548828125,583.5441284179688,59.613128662109375,2631.7109375,808.3911743164062,1429.8951416015625,6386.13818359375,587.9324951171875,191.462646484375
2021-04-08,1159.164794921875,795.547607421875,3070.8271484375,2515.302734375,678.2427978515625,3147.386962890625,962.4913940429688,489.661376953125,514.4515380859375,153.1952362060547,3522.3271484375,803.4761962890625,84.64627075195312,3589.033447265625,903.0646362304688,2408.80859375,1401.840087890625,823.8298950195312,667.5162963867188,2429.888916015625,350.6141052246094,2193.84228515625,553.114013671875,901.3768310546876,1240.681396484375,163.19248962402344,577.9996337890625,354.5540466308594,1333.665283203125,750.6871337890625,6478.05126953125,832.2509155273438,86.5796127319336,75.50521850585938,90.44611358642578,905.103515625,322.308349609375,583.115234375,639.828369140625,77.46542358398438,2861.504638671875,841.8099365234375,1542.1746826171875,6647.26025390625,613.0529174804688,201.9218292236328
2021-05-10,1300.3585205078125,739.9173583984375,3276.988037109375,2426.387939453125,711.72705078125,3336.11083984375,1129.6920166015625,535.224853515625,542.4478759765625,161.43231201171875,3150.4609375,859.06103515625,94.54793548583984,3998.784912109375,1026.0333251953125,2309.031494140625,1398.6932373046875,738.5154418945312,661.4830322265625,2353.78857421875,408.7457275390625,2214.78076171875,588.169189453125,911.500244140625,1154.2557373046875,157.2999725341797,714.05224609375,359.743408203125,1310.969970703125,736.8091430664062,6418.412109375,794.0830688476562,88.80595397949219,83.01201629638672,95.14154815673828,869.379638671875,327.8373413085937,662.8099975585938,604.0068969726562,102.59699249267578,2713.26806640625,810.3135986328125,1428.177490234375,6105.515625,634.6923828125,240.2189483642578
2021-06-09,1590.0748291015625,824.16015625,3259.43896484375,2793.247314453125,733.1211547851562,3642.976318359375,1152.3070068359375,552.4572143554688,511.6091918945313,172.58700561523438,3311.19775390625,914.7891235351562,100.55962371826172,4122.5849609375,1005.859619140625,2574.915771484375,1444.6854248046875,784.857177734375,689.6456909179688,2509.142333984375,367.84716796875,2144.774169921875,610.0846557617188,967.565185546875,1232.6873779296875,162.61856079101562,656.826416015625,354.4844970703125,1427.7825927734375,759.4671630859375,6869.1435546875,830.4990234375,97.38146209716795,90.40947723388672,104.77037811279295,981.674072265625,385.5202026367188,638.7449340820312,670.49853515625,92.86742401123048,2773.9990234375,860.8303833007812,1698.6690673828125,6412.21728515625,795.5293579101562,248.55430603027344
2021-07-09,1428.161865234375,709.1332397460938,3673.535888671875,2871.0166015625,743.6688842773438,3565.011474609375,1281.806640625,598.36767578125,508.0563659667969,162.57090759277344,3219.726806640625,915.886474609375,94.32289123535156,4443.556640625,1056.4307861328125,2558.969970703125,1452.5283203125,789.3418579101562,702.783935546875,2403.996826171875,374.4715881347656,2247.814697265625,612.4344482421875,1002.659912109375,1361.2430419921875,158.54100036621094,647.7567138671875,341.9883728027344,1409.2691650390625,728.4067993164062,7046.3046875,834.228759765625,97.13409423828124,85.9272689819336,99.6422119140625,938.0835571289062,387.6241455078125,634.0458374023438,734.876708984375,106.87637329101562,2780.84619140625,860.4213256835938,1688.7071533203125,6578.89306640625,766.3632202148438,240.15042114257807
2021-08-10,1443.2781982421875,674.5770263671875,4005.701171875,2839.116943359375,757.7990112304688,3388.406982421875,1399.6444091796875,601.6784057617188,589.487548828125,158.22996520996094,3369.090576171875,875.6503295898438,91.4295425415039,4786.84228515625,922.8267822265624,2595.979736328125,1443.281494140625,864.7073974609375,705.427490234375,2350.1904296875,409.8977966308594,2183.950439453125,674.2028198242188,996.53759765625,1460.838623046875,165.2338409423828,686.3436279296875,360.518798828125,1509.6636962890625,750.6873168945312,6686.5673828125,864.3746948242188,94.28932189941406,83.70438385009766,99.59169006347656,945.7151489257812,390.0939636230469,753.1371459960938,740.58544921875,118.45352935791016,2896.153564453125,1111.3963623046875,1770.0863037109375,7161.56640625,733.946044921875,275.7984619140625
2021-09-09,1541.558837890625,729.7697143554688,4656.0595703125,3191.19970703125,786.2581787109375,3301.5546875,1670.2701416015625,724.6011962890625,650.0753784179688,174.75747680664062,3770.728759765625,910.864501953125,97.95418548583984,4903.3212890625,950.3582153320312,2675.58642578125,1556.4991455078125,974.3303833007812,733.9459838867188,2349.8955078125,448.1147766113281,2577.177001953125,692.8157348632812,968.4121704101562,1473.3370361328125,167.4385223388672,654.7897338867188,361.6128845214844,1587.2164306640625,716.7474365234375,6495.86181640625,967.6788940429688,97.09426879882812,90.41928100585938,101.87767028808594,1098.5977783203125,395.4452209472656,738.892822265625,840.078369140625,124.7832260131836,3293.583740234375,1203.967041015625,2001.382080078125,7607.5986328125,721.382080078125,302.5173034667969
2021-10-11,1536.3204345703125,717.8453369140625,4318.26513671875,3152.76806640625,783.2730102539062,3436.7177734375,1766.340087890625,762.2859497070312,666.8169555664062,183.3910980224609,3557.49755859375,876.7537841796875,129.71600341796875,4988.82763671875,946.9337158203124,2707.438232421875,1608.953857421875,1059.1590576171875,764.4529418945312,2401.234619140625,471.267333984375,2425.37890625,686.1304931640625,1136.7579345703125,1472.77099609375,187.4382476806641,639.0604248046875,392.9532165527344,1631.7427978515625,855.0369262695312,7353.93896484375,902.7537231445312,122.73460388183594,122.13822174072266,113.59212493896484,1201.4326171875,429.2451477050781,792.4324340820312,783.1361694335938,113.24490356445312,3201.675537109375,1176.2039794921875,2324.1728515625,7023.6845703125,706.6765747070312,298.15557861328125
2021-11-10,1652.161865234375,718.2833862304688,4491.6025390625,2967.686767578125,745.6591186523438,3364.9873046875,1827.3853759765625,739.3065185546875,709.8655395507812,174.04798889160156,3425.8720703125,875.5065307617188,109.84840393066406,4758.6435546875,934.3578491210938,2607.751953125,1825.8841552734373,958.2022094726562,727.6995239257812,2284.441162109375,434.7743225097656,2214.30078125,751.1557006835938,1000.094970703125,1529.054931640625,181.76901245117188,629.55615234375,412.9748840332031,1853.4237060546875,877.9976806640625,7173.30908203125,901.8275756835938,116.46224975585938,116.73452758789062,108.2780532836914,1154.895263671875,479.6934509277344,772.0159912109375,808.2252807617188,111.98152923583984,3032.614013671875,1329.0819091796875,2444.395751953125,7767.7578125,734.136474609375,298.0641784667969
2021-12-10,1736.5235595703125,747.2911376953125,5174.7373046875,3134.626708984375,684.6610717773438,2984.07666015625,1766.0557861328125,726.7318725585938,685.9764404296875,162.0841064453125,3364.690673828125,857.70751953125,105.65270233154295,4371.3173828125,888.6881103515625,2399.739013671875,1703.879150390625,952.5059204101562,712.399169921875,2123.157470703125,439.9461975097656,2152.16552734375,729.1278076171875,915.3651123046876,1545.837890625,185.9028167724609,645.8558349609375,377.3079528808594,1780.48046875,820.762939453125,7091.1826171875,916.9277954101562,106.92658996582033,113.25822448730467,118.9942855834961,1113.7025146484375,452.5254211425781,724.6632690429688,738.4266357421875,101.75828552246094,3165.344482421875,1359.6663818359375,2301.49609375,7129.275390625,701.9174194335938,291.51007080078125
2022-01-11,1839.79296875,744.76025390625,4990.9931640625,3378.6640625,739.5891723632812,3066.15625,1774.87060546875,747.9268188476562,678.9786987304688,159.7158203125,3467.416015625,878.86474609375,110.71538543701172,4381.11474609375,903.3825073242188,2652.943359375,1799.0478515625,1101.2174072265625,732.6826171875,2157.943359375,470.1556091308594,2217.52978515625,779.7723999023438,889.398681640625,1630.499755859375,174.76126098632812,613.684326171875,385.2747802734375,1863.8780517578125,803.291748046875,7777.03369140625,940.3241577148438,112.13943481445312,123.54397583007812,123.8967742919922,1112.16259765625,462.8163757324219,792.28955078125,708.6842651367188,97.46804809570312,3408.26318359375,1473.7742919921875,2610.415283203125,7288.18994140625,780.0615234375,317.0414428710937
2022-02-10,1782.1217041015625,711.6154174804688,4528.89306640625,3092.2353515625,805.8113403320312,3184.45751953125,1634.6817626953125,695.9657592773438,698.862060546875,152.97323608398438,3274.00732421875,935.5719604492188,117.34922790527344,4184.3955078125,845.62060546875,2506.736083984375,1722.727783203125,983.7806396484376,713.59228515625,2297.296875,529.0277709960938,2106.360107421875,774.8186645507812,942.1065673828124,1554.932373046875,182.8713531494141,639.2030029296875,371.4297180175781,1806.7115478515625,814.4141235351562,8408.833984375,863.1405029296875,119.03018951416016,129.79983520507812,128.880615234375,1078.4202880859375,494.4666137695313,857.9237060546875,678.0303955078125,107.65249633789062,3287.3486328125,1245.85498046875,2451.528564453125,7161.90185546875,732.9942626953125,262.4316101074219
2022-03-14,1732.2330322265625,711.1287841796875,4857.2666015625,2828.768798828125,706.5526733398438,3080.252197265625,1563.3758544921875,649.9824829101562,676.0348510742188,148.83489990234375,2951.01123046875,1006.1920166015624,129.81809997558594,4262.044921875,765.6381225585938,2196.473876953125,1536.627685546875,994.1113891601562,674.9672241210938,2011.2567138671875,571.1276245117188,1899.8433837890625,669.6337890625,879.3705444335938,1661.341796875,192.7062530517578,631.8847045898438,355.82421875,1660.112060546875,709.5393676757812,6987.1875,826.375732421875,115.27913665771484,133.26133728027344,133.3048553466797,1095.5404052734375,443.7896118164063,855.9570922851562,692.9495849609375,111.84786987304688,3176.3125,1275.12451171875,2497.915283203125,5783.466796875,695.5403442382812,273.6398620605469
2022-04-13,2194.551025390625,818.15576171875,4680.62548828125,2941.286865234375,789.1438598632812,3298.6103515625,1604.4134521484375,714.6351318359375,714.8846435546875,156.8425750732422,3102.736572265625,975.4395751953124,134.31692504882812,4364.33349609375,831.7871704101562,2365.371337890625,1720.1951904296875,929.8540649414062,685.4481811523438,1953.2867431640625,528.54443359375,1985.50390625,733.2160034179688,952.8129272460938,1536.43603515625,217.3387908935547,728.35205078125,354.00408935546875,1673.4654541015625,826.873046875,7133.0576171875,874.6817016601562,134.2960662841797,135.1616973876953,143.36204528808594,1155.68798828125,473.5646362304688,898.6470336914062,784.4313354492188,113.78817749023438,3192.8349609375,1196.6063232421875,2421.521728515625,6448.5859375,779.2050170898438,257.9508056640625
2022-05-13,2049.574462890625,687.1340942382812,3500.072998046875,2925.390869140625,632.8177490234375,3249.36279296875,1257.2320556640625,537.8693237304688,665.9000244140625,139.44091796875,3036.83154296875,896.7596435546875,121.43228912353516,4152.72509765625,759.2533569335938,2309.546875,1436.880859375,884.08837890625,611.2463989257812,2103.36474609375,375.0804748535156,2024.2056884765625,651.5499267578125,845.2169189453125,1321.9034423828125,208.50978088378903,570.6778564453125,353.994140625,1458.3895263671875,849.2131958007812,6782.06298828125,784.3506469726562,125.7471694946289,119.10518646240234,147.60980224609375,1099.050537109375,406.7423400878906,846.6036376953125,707.6767578125,94.60070037841795,2977.432861328125,1020.4814453125,2057.853515625,5937.39794921875,743.892578125,216.18142700195312
2022-06-14,2191.557861328125,685.9659423828125,3656.341796875,2530.679931640625,647.5447998046875,3284.7373046875,1130.4149169921875,524.2172241210938,658.3231811523438,130.06759643554688,3133.489990234375,925.6409912109376,138.34788513183594,3419.927978515625,834.0798950195312,2584.966552734375,1275.425537109375,837.6637573242188,621.020751953125,2196.5029296875,346.369384765625,2002.894287109375,659.389404296875,817.9425048828125,1279.204345703125,219.25148010253903,534.0392456054688,346.0670471191406,1468.0362548828125,973.086669921875,7459.796875,806.7532958984375,132.0715789794922,120.96682739257812,139.89512634277344,1190.3134765625,416.2951354980469,791.490478515625,711.6141357421875,85.90381622314453,2818.117919921875,873.965087890625,2067.986572265625,5201.56591796875,681.2154541015625,205.6871795654297
2022-07-14,2378.771728515625,710.0762329101562,3845.611328125,2822.35986328125,665.9707641601562,3576.069580078125,1169.699951171875,570.6666870117188,619.3284912109375,126.69488525390624,3556.246337890625,912.6395874023438,138.2039031982422,3621.836669921875,891.29345703125,2805.558837890625,1355.7391357421875,758.762451171875,639.504638671875,2398.496337890625,337.4757080078125,2324.73486328125,723.7412109375,795.3672485351562,1268.81494140625,240.23092651367188,572.1939697265625,352.1043701171875,1564.501953125,1102.0599365234375,8181.84033203125,878.0900268554688,129.36737060546875,98.62732696533205,134.2106170654297,1085.7120361328125,445.3271179199219,844.109375,740.6260986328125,82.52729034423828,2639.15380859375,827.8552856445312,2100.429443359375,5495.19873046875,637.8601684570312,185.1830596923828
2022-08-16,2970.4453125,807.7980346679688,4290.88916015625,3361.884765625,762.0419921875,3787.0771484375,1587.6048583984375,713.0923461914062,682.6267700195312,143.14471435546875,3477.378662109375,997.4854125976562,162.66574096679688,3647.803955078125,837.216552734375,3190.220458984375,1559.997802734375,814.188720703125,711.0261840820312,2449.89501953125,418.4215393066406,2461.2705078125,850.8348388671875,1059.1885986328125,1417.6429443359375,256.5023803710937,660.2276000976562,367.5033264160156,1779.6982421875,1242.5361328125,8654.7646484375,941.192626953125,141.13961791992188,108.55599975585938,142.95599365234375,1200.8212890625,488.61956787109375,877.39794921875,753.8265380859375,102.70466613769533,2985.864013671875,941.3162841796876,2462.175537109375,6414.244140625,760.6000366210938,201.6278839111328
2022-09-15,3741.8916015625,949.3329467773438,4295.16162109375,3260.48095703125,787.3055419921875,3487.945556640625,1767.779052734375,722.8989868164062,761.1564331054688,139.55690002441406,3506.68310546875,996.2802124023438,170.9486846923828,3524.10888671875,812.1261596679688,3461.834716796875,1772.4508056640625,781.6449584960938,719.8065795898438,2426.674560546875,414.0314636230469,2382.997314453125,887.9454345703125,1167.99365234375,1272.3223876953125,275.9537048339844,675.7081909179688,384.9792785644531,1884.2335205078125,1250.9752197265625,8852.828125,908.9658203125,155.67588806152344,105.30549621582033,149.8795166015625,1164.4798583984375,531.5404663085938,841.4909057617188,809.819580078125,97.25132751464844,2732.09130859375,945.9456787109376,2622.414306640625,6543.42431640625,716.2786865234375,191.45654296875
2022-10-17,3206.76513671875,770.6010131835938,4244.7099609375,3070.54052734375,811.3731079101562,3359.2763671875,1714.96142578125,719.8551635742188,742.6390380859375,124.881103515625,3559.59130859375,1068.448486328125,173.685302734375,3497.815673828125,844.5021362304688,3359.04736328125,1657.6231689453125,845.1181640625,684.7085571289062,2220.907470703125,378.81341552734375,2411.05859375,856.592529296875,1171.7052001953125,1323.0714111328125,274.4257202148437,618.684814453125,369.85205078125,1812.71435546875,1186.3070068359375,8385.7119140625,904.7173461914062,149.76353454589844,101.4935302734375,133.63629150390625,1094.525634765625,505.0633239746094,943.2244873046876,738.0150756835938,90.48008728027344,2745.69140625,893.757080078125,2591.659912109375,6043.7099609375,654.0166625976562,173.0281982421875
2022-11-16,3949.414306640625,869.7440795898438,4431.08447265625,2964.814208984375,852.482421875,3468.92236328125,1681.4451904296875,674.8201904296875,815.5455932617188,129.0500946044922,3892.964599609375,1081.0308837890625,182.49685668945312,3215.580078125,872.9041748046875,3347.913818359375,1693.2525634765625,948.4940795898438,772.915283203125,2382.450927734375,436.4695434570313,2321.640625,884.0747680664062,1117.4490966796875,1438.83642578125,284.2133483886719,693.9321899414062,391.2989196777344,1928.6080322265625,1240.9927978515625,8780.9267578125,966.7543334960938,151.09718322753906,113.48532104492188,140.22348022460938,1177.95263671875,557.181396484375,980.4239501953124,744.2041625976562,96.84232330322266,2960.635498046875,948.0375366210938,2610.71484375,6660.9462890625,740.2962036132812,183.7069396972656
2022-12-16,3973.5703125,843.3778076171875,4516.06005859375,2938.70556640625,931.9105834960938,3285.77783203125,1583.1409912109375,645.6401977539062,797.6582641601562,143.91542053222656,4188.08203125,1050.3702392578125,174.5334930419922,3251.843017578125,839.4178466796875,3145.684326171875,1721.5306396484375,883.6563110351562,776.1102905273438,2369.75341796875,445.5911560058594,2502.89501953125,872.8496704101562,1200.90869140625,1366.4814453125,276.7796630859375,728.4205932617188,366.3488464355469,2093.592529296875,1207.1397705078125,8156.93505859375,949.4758911132812,150.9638214111328,122.74520111083984,137.70449829101562,1165.797607421875,560.5259399414062,956.3621826171876,775.1502685546875,100.93233489990234,2859.0751953125,907.1160278320312,2451.3154296875,6759.33740234375,743.1415405273438,179.7860107421875
2023-01-17,3632.740478515625,769.1797485351562,4276.3662109375,2828.115966796875,914.5699462890624,3338.865234375,1369.475341796875,585.7484741210938,742.34814453125,146.71578979492188,4110.20361328125,1030.7974853515625,165.56016540527344,3271.880615234375,847.72607421875,3039.122314453125,1627.77685546875,953.5147094726562,761.5550537109375,2406.280517578125,475.9801025390625,2499.381103515625,837.1905517578125,1201.68994140625,1382.01171875,274.4257202148437,742.1865844726562,357.8099365234375,2130.266845703125,1273.9298095703125,8150.734375,959.4356079101562,149.09677124023438,123.2872543334961,141.0631561279297,1126.356201171875,550.8641967773438,993.94677734375,725.3464965820312,108.4761199951172,3048.73193359375,929.5540161132812,2377.366943359375,7109.68212890625,693.7081298828125,182.8305206298828
2023-02-16,1793.337158203125,565.7477416992188,4593.2216796875,2698.3408203125,861.8004760742188,3616.244140625,1424.637451171875,630.0200805664062,760.5263061523438,137.1565399169922,4308.03173828125,998.4013061523438,171.4836883544922,2811.702392578125,880.364990234375,3143.438720703125,1597.3424072265625,976.9507446289062,787.7544555664062,2223.5166015625,424.0798645019531,2367.78564453125,841.3516235351562,1121.60009765625,1437.9384765625,321.1497802734375,713.2339477539062,355.87921142578125,2096.76904296875,1319.549560546875,8463.8603515625,944.1919555664062,152.7189178466797,129.99986267089844,141.880126953125,1104.2041015625,501.7651977539063,964.9973754882812,708.47119140625,101.79576873779295,3210.851806640625,1004.3768310546876,2490.363037109375,6911.2607421875,743.045166015625,189.546630859375
2023-03-20,1801.671875,653.52099609375,4272.38525390625,2745.654541015625,834.693359375,3522.195068359375,1242.29345703125,543.2581176757812,731.780517578125,151.45333862304688,4081.747314453125,835.64892578125,172.75718688964844,2737.025634765625,864.8101806640625,2821.267333984375,1561.2230224609375,944.6499633789062,739.2372436523438,2087.564453125,376.3257141113281,2352.8876953125,809.4180908203125,978.9522094726562,1260.058837890625,318.0016174316406,654.6428833007812,338.3036804199219,2096.04736328125,1126.171875,7901.05078125,910.9531860351562,160.56472778320312,130.36993408203125,150.40879821777344,1000.238525390625,482.34869384765625,932.075927734375,679.4592895507812,94.9791030883789,2836.57373046875,985.4934692382812,2428.706298828125,6980.11572265625,683.0015869140625,169.77809143066406
2023-04-19,1850.4830322265625,645.336669921875,4279.61572265625,2701.947509765625,870.4210205078125,3948.746337890625,1328.0289306640625,582.1077880859375,741.3302001953125,144.02069091796875,4115.31201171875,879.2294921875,183.3829040527344,3267.18896484375,956.3472290039062,3143.91650390625,1656.5938720703125,899.4890747070312,788.4407958984375,2182.6904296875,422.4701232910156,2372.00244140625,863.0761108398438,1094.30126953125,1106.14794921875,334.7496032714844,707.7471923828125,375.1764526367188,2136.5234375,1172.322021484375,8343.560546875,991.8060302734376,152.4452362060547,137.04681396484375,152.02859497070312,1068.7386474609375,501.9510498046875,965.336669921875,677.7669067382812,98.2510986328125,2788.114013671875,900.9844360351562,2536.66748046875,7242.9111328125,709.864501953125,166.8417205810547
2023-05-19,1952.4974365234373,674.4473876953125,4405.27197265625,2966.16064453125,920.8982543945312,4149.98876953125,1411.5699462890625,663.97119140625,781.1766967773438,151.72705078125,4312.74658203125,883.4236450195312,190.9442596435547,3028.400390625,855.55712890625,3412.758544921875,1682.0784912109375,964.7573852539062,788.4817504882812,2420.997802734375,396.8126525878906,2474.926513671875,923.45947265625,1218.928955078125,1139.0938720703125,352.4630432128906,679.8233032226562,386.47210693359375,2108.07958984375,1215.627197265625,8753.05078125,1048.5692138671875,158.1014862060547,141.15562438964844,154.50787353515625,1109.6114501953125,534.3275146484375,897.7969970703125,748.2843017578125,95.11542510986328,2908.36083984375,952.747314453125,2667.33642578125,7402.3037109375,644.3228759765625,178.58724975585938
2023-06-20,2410.4140625,723.1613159179688,5113.43896484375,3212.6796875,971.5250244140624,4315.4990234375,1517.255615234375,709.4417724609375,805.8505859375,156.84356689453125,4846.20263671875,974.9236450195312,180.87570190429688,3485.744384765625,954.7595825195312,3404.3486328125,1734.02783203125,1029.318115234375,769.6182861328125,2499.2587890625,418.4703369140625,2527.871337890625,895.6386108398438,1282.067138671875,1185.791015625,388.70556640625,757.520263671875,367.0355529785156,2292.84521484375,1346.843994140625,9124.236328125,1109.7425537109375,171.05615234375,134.607177734375,164.45799255371094,1161.9351806640625,537.3710327148438,961.894287109375,839.638671875,103.84078979492188,2934.39990234375,984.027099609375,2936.2275390625,7944.03564453125,659.2252807617188,176.87628173828125
2023-07-20,2416.525146484375,717.9174194335938,5146.52587890625,3413.357421875,975.5591430664062,4644.71142578125,1632.5794677734375,746.6402587890625,857.8643798828125,163.37083435058594,4842.46484375,1018.6972045898438,182.8655548095703,3583.83056640625,1048.23583984375,3170.19873046875,1783.3797607421875,1026.783447265625,808.51806640625,2754.877685546875,430.7624816894531,2553.51708984375,963.4247436523438,1407.2227783203125,1318.7081298828125,422.4388732910156,786.1942749023438,389.507568359375,2396.513916015625,1506.0740966796875,9393.7685546875,1112.2757568359375,175.9825439453125,143.1244354248047,161.48284912109375,1289.760498046875,577.7637939453125,1064.3917236328125,853.5201416015625,109.7640609741211,3156.77880859375,1113.412109375,2960.89501953125,7925.43701171875,616.7366333007812,193.13040161132807
2023-08-21,2636.232177734375,846.778076171875,4895.2041015625,3080.637451171875,950.3196411132812,4398.72412109375,1475.3895263671875,692.7401733398438,849.240966796875,149.9063262939453,4322.953125,1199.244873046875,186.3529815673828,3611.486328125,1160.4451904296875,3252.0048828125,1782.2864990234375,1047.615966796875,761.0004272460938,2645.414306640625,441.2833862304688,2420.799560546875,931.9387817382812,1380.2169189453125,1278.5872802734375,384.3708801269531,781.9634399414062,350.67413330078125,2591.76318359375,1499.4468994140625,9158.3828125,1065.2091064453125,202.4041748046875,151.12522888183594,166.6252899169922,1244.986328125,541.4434204101562,1106.838134765625,829.4718627929688,109.7171401977539,3100.585205078125,1111.4971923828125,3049.04931640625,7956.96337890625,573.830322265625,191.7200164794922
2023-09-20,2467.008056640625,807.20947265625,4968.29541015625,3111.663818359375,1024.8408203125,4944.50390625,1550.291748046875,740.97900390625,886.981689453125,150.1192169189453,4339.150390625,1204.9796142578125,230.24838256835935,3724.1591796875,1102.3724365234375,3325.102783203125,1916.6182861328125,1149.0235595703125,748.6482543945312,2763.043701171875,469.6614074707031,2330.21142578125,963.1107177734376,1422.3302001953125,1355.78125,388.7914123535156,774.0921630859375,356.4710998535156,2813.483154296875,1592.470947265625,10039.3583984375,1096.4337158203125,223.6343994140625,161.55506896972656,183.92593383789065,1176.882568359375,569.2874755859375,1122.1650390625,850.1964721679688,120.41666412353516,3286.894775390625,1162.1087646484375,3275.229248046875,8188.1904296875,609.8845825195312,198.88755798339844
2023-10-20,2390.56005859375,783.1328125,4939.763671875,3006.6298828125,978.0032348632812,5236.759765625,1631.8309326171875,763.6043701171875,920.5831909179688,147.50050354003906,4389.5634765625,1166.5859375,253.0059051513672,3502.163818359375,1093.390380859375,3363.463134765625,1918.2445068359373,1128.7962646484375,729.066650390625,2897.863037109375,463.229736328125,2356.943603515625,910.0355224609376,1450.6197509765625,1298.4656982421875,376.2164916992188,757.0213623046875,352.5168151855469,2932.593994140625,1518.646240234375,10407.0029296875,1173.7559814453125,222.9406280517578,159.8382110595703,182.3081970214844,1135.8525390625,533.2985229492188,1111.509033203125,878.79052734375,115.5361785888672,3193.505126953125,1067.587890625,3235.16357421875,8190.99755859375,591.2205810546875,181.199951171875
2023-11-21,2193.72265625,790.730712890625,5425.2998046875,3038.44921875,989.4258422851562,5424.36328125,1607.2293701171875,698.1409301757812,945.5651245117188,165.2141876220703,4504.33447265625,1218.150146484375,283.0750732421875,3667.009765625,1108.5369873046875,3714.50634765625,1948.8953857421875,1189.7833251953125,726.74462890625,3046.986328125,497.69580078125,2383.8408203125,903.5474243164062,1483.155517578125,1326.1005859375,374.4568786621094,763.3182983398438,352.0386962890625,2993.43896484375,1520.108154296875,10222.1611328125,1185.1346435546875,233.49945068359372,169.04312133789062,191.4342193603516,1175.2769775390625,531.783203125,1169.118408203125,906.8958129882812,118.49263763427734,3207.806640625,1110.2525634765625,3362.195068359375,8430.404296875,551.6392822265625,185.2692413330078
2023-12-21,2796.01904296875,1005.4472045898438,5434.28076171875,3203.014404296875,1092.77783203125,5958.98193359375,1663.5682373046875,724.0885009765625,952.4315795898438,200.4663848876953,4849.22119140625,1187.6295166015625,301.11669921875,3579.413818359375,1090.48486328125,3824.4189453125,2055.483642578125,1275.38916015625,807.5365600585938,3474.41259765625,546.2035522460938,2429.467041015625,979.9407348632812,1550.2506103515625,1415.4906005859375,387.50390625,828.3548583984375,369.0708923339844,3333.49072265625,1592.32470703125,9715.3779296875,1221.23291015625,282.0206604003906,179.16622924804688,212.87266540527344,1266.0079345703125,609.6802978515625,1200.3558349609375,957.3385620117188,122.95076751708984,3461.218017578125,1152.2845458984375,3545.98193359375,9636.7333984375,565.6986083984375,200.6909942626953
