rebal_date,ticker,weight,weight_pct
2023-11-07,ADANIENT.NS,0.0406860871607516,4.06860871607516
2023-11-07,TECHM.NS,0.0343548490836182,3.43548490836182
2023-11-07,AXISBANK.NS,0.026936521646219,2.6936521646219
2023-11-07,JSWSTEEL.NS,0.026632173247108,2.6632173247108
2023-11-07,KOTAKBANK.NS,0.0263215251935835,2.6321525193583497
2023-11-07,NESTLEIND.NS,0.024653913282379,2.4653913282379003
2023-11-07,BRITANNIA.NS,0.0240860866622614,2.40860866622614
2023-11-07,INFY.NS,0.0240773244054333,2.40773244054333
2023-11-07,INDUSINDBK.NS,0.0240017393959534,2.40017393959534
2023-11-07,ICICIBANK.NS,0.0238008695725349,2.38008695725349
2023-11-07,HCLTECH.NS,0.0236156522888823,2.3615652288882303
2023-11-07,HDFCBANK.NS,0.0234104371898064,2.34104371898064
2023-11-07,TITAN.NS,0.0233530433449505,2.3353043344950497
2023-11-07,BAJAJ-AUTO.NS,0.0224026084758216,2.2402608475821597
2023-11-07,DRREDDY.NS,0.0220773919510651,2.20773919510651
2023-11-07,BAJFINANCE.NS,0.0218295651527271,2.18295651527271
2023-11-07,SUNPHARMA.NS,0.0216452184444517,2.16452184444517
2023-11-07,UPL.NS,0.0215304349449781,2.15304349449781
2023-11-07,ADANIPORTS.NS,0.0214565216454416,2.1456521645441597
2023-11-07,BHARTIARTL.NS,0.0214317370864345,2.14317370864345
2023-11-07,LT.NS,0.0213717385985184,2.1371738598518397
2023-11-07,BAJAJFINSV.NS,0.0213521734445914,2.1352173444591402
2023-11-07,RELIANCE.NS,0.0212965218641857,2.12965218641857
2023-11-07,TATACONSUM.NS,0.0212808697125128,2.12808697125128
2023-11-07,HINDALCO.NS,0.0210643478289818,2.10643478289818
2023-11-07,DIVISLAB.NS,0.0210104348622451,2.1010434862245098
2023-11-07,HINDUNILVR.NS,0.020839344140003,2.0839344140003
2023-11-07,POWERGRID.NS,0.0206278259180191,2.06278259180191
2023-11-07,APOLLOHOSP.NS,0.0205834780551691,2.05834780551691
2023-11-07,ASIANPAINT.NS,0.0205565219627783,2.05565219627783
2023-11-07,NTPC.NS,0.0205165207818681,2.05165207818681
2023-11-07,COALINDIA.NS,0.0202313045868432,2.02313045868432
2023-11-07,HEROMOTOCO.NS,0.0201817395608663,2.01817395608663
2023-11-07,M&M.NS,0.0195078263417293,1.95078263417293
2023-11-07,GRASIM.NS,0.0193321739725134,1.93321739725134
2023-11-07,TCS.NS,0.019299130739594,1.9299130739594
2023-11-07,WIPRO.NS,0.0188382608784399,1.8838260878439899
2023-11-07,SBIN.NS,0.0183078256055229,1.8307825605522898
2023-11-07,CIPLA.NS,0.0182965213926072,1.82965213926072
2023-11-07,ITC.NS,0.0178460870071892,1.78460870071892
2023-11-07,ULTRACEMCO.NS,0.0175147824061311,1.75147824061311
2023-11-07,TATASTEEL.NS,0.017441740322174,1.7441740322174
2023-11-07,ONGC.NS,0.017093912698101,1.7093912698101
2023-11-07,EICHERMOT.NS,0.01697391312074,1.697391312074
2023-11-07,MARUTI.NS,0.016425217004603,1.6425217004603
2023-11-07,BPCL.NS,0.0139060870196694,1.39060870196694
