rank,ticker,company_name,sector_provisional,free_float_rank,f1_passed,f2_passed,f3_passed,f3_manual_ipo_check,ipo_first_trade_date_str,f1_reason,f2_reason,f3_reason,filters_passed,rejection_reason
1,RELIANCE.NS,Reliance Industries Ltd.,Energy - Oil & Gas,1,DEFERRED,DEFERRED,True,False,1993-01-01,"Phase 2 (data pipeline) — after data backend fixed; requires full 2015-01-01→2023-12-31 OHLCV","Phase 2 (data pipeline) — after data backend fixed; requires volume series","Phase 1 manual IPO check: Reliance listed in 1993 (pre-2015). Verified via public NSE listing history.",True,
2,TCS.NS,Tata Consultancy Services,Information Technology,2,DEFERRED,DEFERRED,True,False,2004-08-01,"Phase 2 (data pipeline)","Phase 2 (data pipeline)","Phase 1 manual IPO check: TCS IPO Aug 2004 (pre-2015).",True,
3,HDFCBANK.NS,HDFC Bank,Financials - Banks,3,DEFERRED,DEFERRED,True,False,1995-01-01,"Phase 2 (data pipeline)","Phase 2 (data pipeline)","Phase 1 manual IPO check: HDFC Bank listed Jan 1995 (pre-2015).",True,
4,INFY.NS,Infosys,Information Technology,4,DEFERRED,DEFERRED,True,False,1993-06-01,"Phase 2 (data pipeline)","Phase 2 (data pipeline)","Phase 1 manual IPO check: Infosys 1993 IPO (pre-2015). Infosys was listed earlier too.",True,
5,HINDUNILVR.NS,Hindustan Unilever,Consumer Staples - Household & FMCG,5,DEFERRED,DEFERRED,True,False,1973-01-01,"Phase 2 (data pipeline)","Phase 2 (data pipeline)","Phase 1 manual IPO check: HUL (erstwhile Hind Lever) listed pre-1980 (pre-2015).",True,
6,ICICIBANK.NS,ICICI Bank,Financials - Banks,6,DEFERRED,DEFERRED,True,False,1998-01-01,"Phase 2 (data pipeline)","Phase 2 (data pipeline)","Phase 1 manual IPO check: ICICI Bank 1998 listing + 2002 ICICI-ICICI Bank merger; both pre-2015.",True,
7,SBIN.NS,State Bank of India,Financials - Banks - PSU,7,DEFERRED,DEFERRED,True,False,1995-01-01,"Phase 2 (data pipeline)","Phase 2 (data pipeline)","Phase 1 manual IPO check: SBI equity listing 1995; institution 1955. Pre-2015.",True,
8,BHARTIARTL.NS,Bharti Airtel,Communication Services - Telecom,8,DEFERRED,DEFERRED,True,False,2002-02-01,"Phase 2 (data pipeline)","Phase 2 (data pipeline)","Phase 1 manual IPO check: Bharti Airtel IPO Feb 2002 (pre-2015).",True,
9,ITC.NS,ITC Limited,Consumer Staples - Tobacco & FMCG,9,DEFERRED,DEFERRED,True,False,1996-01-01,"Phase 2 (data pipeline)","Phase 2 (data pipeline)","Phase 1 manual IPO check: ITC listed as early as 1970s. Pre-2015 trivially.",True,
10,KOTAKBANK.NS,Kotak Mahindra Bank,Financials - Banks - Private,10,DEFERRED,DEFERRED,True,False,1998-01-01,"Phase 2 (data pipeline)","Phase 2 (data pipeline)","Phase 1 manual IPO check: erstwhile Kotak Mahindra Finance listing pre-2000. Pre-2015.",True,
11,LT.NS,Larsen & Toubro,Industrials - Construction & Engineering,11,DEFERRED,DEFERRED,True,False,2001-01-01,"Phase 2 (data pipeline)","Phase 2 (data pipeline)","Phase 1 manual IPO check: L&T listed decades ago. Pre-2015 trivially.",True,
12,AXISBANK.NS,Axis Bank,Financials - Banks - Private,12,DEFERRED,DEFERRED,True,False,1998-01-01,"Phase 2 (data pipeline)","Phase 2 (data pipeline)","Phase 1 manual IPO check: erstwhile UTI Bank listing pre-2000; renamed Axis 2007. Pre-2015.",True,
13,HCLTECH.NS,HCL Technologies,Information Technology,13,DEFERRED,DEFERRED,True,False,1999-12-01,"Phase 2 (data pipeline)","Phase 2 (data pipeline)","Phase 1 manual IPO check: HCL Tech IPO Dec 1999 (pre-2015).",True,
14,ASIANPAINT.NS,Asian Paints,Materials - Paints & Coatings,14,DEFERRED,DEFERRED,True,False,1970-01-01,"Phase 2 (data pipeline)","Phase 2 (data pipeline)","Phase 1 manual IPO check: Asian Paints listing ~1970s. Pre-2015.",True,
15,MARUTI.NS,Maruti Suzuki India,Consumer Discretionary - 4-Wheelers,15,DEFERRED,DEFERRED,True,False,2003-07-01,"Phase 2 (data pipeline)","Phase 2 (data pipeline)","Phase 1 manual IPO check: Maruti IPO Jul 2003 (pre-2015).",True,
16,BAJFINANCE.NS,Bajaj Finance,Financials - NBFCs,16,DEFERRED,DEFERRED,True,False,2007-01-01,"Phase 2 (data pipeline)","Phase 2 (data pipeline)","Phase 1 manual IPO check: Bajaj Finance (erstwhile Auto Finance) listing pre-2000. Pre-2015.",True,
17,WIPRO.NS,Wipro,Information Technology,17,DEFERRED,DEFERRED,True,False,1982-01-01,"Phase 2 (data pipeline)","Phase 2 (data pipeline)","Phase 1 manual IPO check: Wipro equity listing in 1980s. Pre-2015.",True,
18,HDFCLIFE.NS,HDFC Life Insurance,Financials - Life Insurance,18,DEFERRED,DEFERRED,False,False,2017-11-17,"Phase 2 (data pipeline) — skipped since F3 rejected","Phase 2 (data pipeline) — skipped since F3 rejected","Phase 1 manual IPO check: HDFC Life IPO Nov 2017 (listed 2017-11-17) STRICTLY AFTER 2015-01-01 → F3 IPO filter REJECT.",False,"F3 IPO date too late: listed 2017-11-17 (>= 2015-01-01). Excluded per F3 rule: no tickers that listed after study start date."
19,SUNPHARMA.NS,Sun Pharmaceutical Industries,Healthcare - Pharmaceuticals,19,DEFERRED,DEFERRED,True,False,1994-01-01,"Phase 2 (data pipeline)","Phase 2 (data pipeline)","Phase 1 manual IPO check: Sun Pharma listed in 1994. Pre-2015.",True,
20,TITAN.NS,Titan Company,Consumer Discretionary - Gems & Jewellery,20,DEFERRED,DEFERRED,True,False,1995-01-01,"Phase 2 (data pipeline)","Phase 2 (data pipeline)","Phase 1 manual IPO check: Titan IPO 1995 (pre-2015).",True,
21,ULTRACEMCO.NS,UltraTech Cement,Materials - Cement,21,DEFERRED,DEFERRED,True,False,2004-06-01,"Phase 2 (data pipeline)","Phase 2 (data pipeline)","Phase 1 manual IPO check: UltraTech listing post-L&T demerger 2004 (pre-2015).",True,
22,NESTLEIND.NS,Nestle India,Consumer Staples - Packaged Foods,22,DEFERRED,DEFERRED,True,False,1992-01-01,"Phase 2 (data pipeline)","Phase 2 (data pipeline)","Phase 1 manual IPO check: Nestle India listed pre-1990. Pre-2015.",True,
23,NTPC.NS,NTPC Limited,Utilities - Power Generation - PSU,23,DEFERRED,DEFERRED,True,False,2004-10-01,"Phase 2 (data pipeline)","Phase 2 (data pipeline)","Phase 1 manual IPO check: NTPC IPO Oct 2004 (pre-2015).",True,
24,TATAMOTORS.NS,Tata Motors,Consumer Discretionary - 4-Wheelers,24,DEFERRED,DEFERRED,True,False,1992-01-01,"Phase 2 (data pipeline)","Phase 2 (data pipeline)","Phase 1 manual IPO check: Tata Motors (erstwhile TELCO) listed in 1980s-1990s. Pre-2015.",True,
25,ONGC.NS,Oil & Natural Gas Corporation,Energy - Oil & Gas E&P - PSU,25,DEFERRED,DEFERRED,True,False,2004-02-01,"Phase 2 (data pipeline)","Phase 2 (data pipeline)","Phase 1 manual IPO check: ONGC IPO Feb 2004 (pre-2015).",True,
26,M&M.NS,Mahindra & Mahindra,Consumer Discretionary - 4-Wheelers & Farm Equip.,26,DEFERRED,DEFERRED,True,False,1994-01-01,"Phase 2 (data pipeline)","Phase 2 (data pipeline)","Phase 1 manual IPO check: M&M listed in 1980s. Pre-2015.",True,
27,POWERGRID.NS,Power Grid Corporation of India,Utilities - Power Transmission - PSU,27,DEFERRED,DEFERRED,True,False,2007-10-01,"Phase 2 (data pipeline)","Phase 2 (data pipeline)","Phase 1 manual IPO check: PowerGrid IPO Oct 2007 (pre-2015).",True,
28,JSWSTEEL.NS,JSW Steel,Materials - Steel,28,DEFERRED,DEFERRED,True,False,1994-01-01,"Phase 2 (data pipeline)","Phase 2 (data pipeline)","Phase 1 manual IPO check: Erstwhile Jindal South West / earlier avatar ~1990s listing. Pre-2015.",True,
29,HINDALCO.NS,Hindalco Industries,Materials - Aluminium & Non-Ferrous Metals,29,DEFERRED,DEFERRED,True,False,2000-01-01,"Phase 2 (data pipeline)","Phase 2 (data pipeline)","Phase 1 manual IPO check: Hindalco listed in 1990s; later restructured. Pre-2015.",True,
30,BAJAJFINSV.NS,Bajaj Finserv,Financials - Diversified NBFC + Insurance,30,DEFERRED,DEFERRED,True,False,2008-01-01,"Phase 2 (data pipeline)","Phase 2 (data pipeline)","Phase 1 manual IPO check: Bajaj Finserv (post Bajaj Auto demerger 2008). Listed 2008, pre-2015.",True,
31,DRREDDY.NS,Dr. Reddy's Laboratories,Healthcare - Pharmaceuticals (Generics + API),31,DEFERRED,DEFERRED,True,False,1996-01-01,"Phase 2 (data pipeline)","Phase 2 (data pipeline)","Phase 1 manual IPO check: Dr. Reddy's IPO 1996 (pre-2015).",True,
32,ADANIENT.NS,Adani Enterprises,Conglomerate - Resources + Infra + Trading,32,DEFERRED,DEFERRED,True,False,2001-01-01,"Phase 2 (data pipeline)","Phase 2 (data pipeline)","Phase 1 manual IPO check: Adani Enterprises earlier avatar 1990s listing (pre-2015).",True,
33,TATASTEEL.NS,Tata Steel,Materials - Steel,33,DEFERRED,DEFERRED,True,False,1994-01-01,"Phase 2 (data pipeline)","Phase 2 (data pipeline)","Phase 1 manual IPO check: Tata Steel listed in 1990s; older than that as TISCO. Pre-2015.",True,
34,COALINDIA.NS,Coal India Limited,Energy - Coal Mining - PSU,34,DEFERRED,DEFERRED,True,False,2010-10-01,"Phase 2 (data pipeline)","Phase 2 (data pipeline)","Phase 1 manual IPO check: Coal India IPO Oct 2010 (pre-2015).",True,
35,ADANIPORTS.NS,Adani Ports and Special Economic Zone,Industrials - Ports & Logistics,35,DEFERRED,DEFERRED,True,False,2007-11-01,"Phase 2 (data pipeline)","Phase 2 (data pipeline)","Phase 1 manual IPO check: Adani Ports (erstwhile Mundra Port) IPO Nov 2007 (pre-2015).",True,
36,SBILIFE.NS,SBI Life Insurance,Financials - Life Insurance,36,DEFERRED,DEFERRED,False,False,2017-10-03,"Phase 2 (data pipeline) — skipped since F3 rejected","Phase 2 (data pipeline) — skipped since F3 rejected","Phase 1 manual IPO check: SBI Life IPO Oct 2017 (listed 2017-10-03) STRICTLY AFTER 2015-01-01 → F3 IPO filter REJECT.",False,"F3 IPO date too late: listed 2017-10-03 (>= 2015-01-01). Excluded per F3 rule: no tickers that listed after study start date."
37,BPCL.NS,Bharat Petroleum Corporation Ltd.,Energy - Oil Refining & Marketing - PSU,37,DEFERRED,DEFERRED,True,False,1996-01-01,"Phase 2 (data pipeline)","Phase 2 (data pipeline)","Phase 1 manual IPO check: BPCL listed in 1990s via partial divestiture. Pre-2015.",True,
38,BRITANNIA.NS,Britannia Industries,Consumer Staples - Biscuits & Dairy,38,DEFERRED,DEFERRED,True,False,1997-01-01,"Phase 2 (data pipeline)","Phase 2 (data pipeline)","Phase 1 manual IPO check: Britannia listed in 1990s; brand much older. Pre-2015.",True,
39,EICHERMOT.NS,Eicher Motors,Consumer Discretionary - 2/3-Wheelers (Royal Enfield),39,DEFERRED,DEFERRED,True,False,1990-01-01,"Phase 2 (data pipeline)","Phase 2 (data pipeline)","Phase 1 manual IPO check: Eicher Motors listed 1990s (pre-2015).",True,
40,CIPLA.NS,Cipla Limited,Healthcare - Pharmaceuticals (Generics),40,DEFERRED,DEFERRED,True,False,1995-01-01,"Phase 2 (data pipeline)","Phase 2 (data pipeline)","Phase 1 manual IPO check: Cipla listed 1995 (pre-2015).",True,
41,DIVISLAB.NS,Divi's Laboratories,Healthcare - Pharmaceuticals (CRAMS + API),41,DEFERRED,DEFERRED,True,False,2003-02-01,"Phase 2 (data pipeline)","Phase 2 (data pipeline)","Phase 1 manual IPO check: Divi's IPO Feb 2003 (pre-2015).",True,
42,GRASIM.NS,Grasim Industries,Materials - Diversified (Viscose Staple + Cement),42,DEFERRED,DEFERRED,True,False,1992-01-01,"Phase 2 (data pipeline)","Phase 2 (data pipeline)","Phase 1 manual IPO check: Grasim listed 1980s/1990s; AV Birla flagship. Pre-2015.",True,
43,HDFCAMC.NS,HDFC Asset Management Company,Financials - Asset Management,43,DEFERRED,DEFERRED,False,False,2018-08-06,"Phase 2 (data pipeline) — skipped since F3 rejected","Phase 2 (data pipeline) — skipped since F3 rejected","Phase 1 manual IPO check: HDFC AMC IPO Aug 2018 (listed 2018-08-06) STRICTLY AFTER 2015-01-01 → F3 IPO filter REJECT.",False,"F3 IPO date too late: listed 2018-08-06 (>= 2015-01-01). Excluded per F3 rule: no tickers that listed after study start date."
44,APOLLOHOSP.NS,Apollo Hospitals Enterprise,Healthcare - Hospital Services,44,DEFERRED,DEFERRED,True,False,2012-12-01,"Phase 2 (data pipeline)","Phase 2 (data pipeline)","Phase 1 manual IPO check: Apollo Hospitals listed on NSE approx late-2012 / 2013 (pre-2015-01-01). MANUAL DOUBLE-CHECK RECOMMENDED in Phase 2 to confirm first NSE trade < 2015-01-01.",True,
45,INDUSINDBK.NS,IndusInd Bank,Financials - Banks - Private,45,DEFERRED,DEFERRED,True,False,2004-04-01,"Phase 2 (data pipeline)","Phase 2 (data pipeline)","Phase 1 manual IPO check: IndusInd Bank listing pre-2005. Pre-2015.",True,
46,BAJAJ-AUTO.NS,Bajaj Auto,Consumer Discretionary - 2/3-Wheelers,46,DEFERRED,DEFERRED,True,False,2008-05-01,"Phase 2 (data pipeline)","Phase 2 (data pipeline)","Phase 1 manual IPO check: Bajaj Auto demerged from Bajaj Auto Ltd. May 2008 (pre-2015).",True,
47,HEROMOTOCO.NS,Hero MotoCorp,Consumer Discretionary - 2/3-Wheelers,47,DEFERRED,DEFERRED,True,False,2011-01-01,"Phase 2 (data pipeline)","Phase 2 (data pipeline)","Phase 1 manual IPO check: Hero MotoCorp (post Hero Honda JV split) listed 2011 (pre-2015).",True,
48,TATACONSUM.NS,Tata Consumer Products,Consumer Staples - Beverages & Packaged Foods,48,DEFERRED,DEFERRED,True,False,1989-01-01,"Phase 2 (data pipeline)","Phase 2 (data pipeline)","Phase 1 manual IPO check: erstwhile Tata Tea / Tata Global Beverages → renamed to Tata Consumer 2020; earliest listing late 1980s. Pre-2015.",True,
49,TECHM.NS,Tech Mahindra,Information Technology,49,DEFERRED,DEFERRED,True,False,2006-08-01,"Phase 2 (data pipeline)","Phase 2 (data pipeline)","Phase 1 manual IPO check: Tech Mahindra IPO Aug 2006. Pre-2015.",True,
50,UPL.NS,UPL Limited (United Phosphorus),Materials - Agrochemicals,50,DEFERRED,DEFERRED,True,False,2001-01-01,"Phase 2 (data pipeline)","Phase 2 (data pipeline)","Phase 1 manual IPO check: UPL (erstwhile United Phosphorus) listed pre-2000s. Pre-2015.",True,
